l,TT
2,1.071219547638525000e+03
3,9.952781652554664333e+02
4,9.266397191477957449e+02
5,8.747031351270449022e+02
6,8.376834178744837800e+02
7,8.124719432265798105e+02
8,7.956793330458594937e+02
9,7.852893765064478657e+02
10,7.798694646493968321e+02
11,7.779309962599345454e+02
12,7.798596307615093792e+02
13,7.834266582648212989e+02
14,7.884705396188977602e+02
15,7.940468551415112870e+02
16,8.016707941044228392e+02
17,8.111336688565108943e+02
18,8.213033395120254454e+02
19,8.329002033491150314e+02
20,8.442790669921546396e+02
21,8.561702867972775266e+02
22,8.686307969480818656e+02
23,8.812167286100186629e+02
24,8.941851812850312626e+02
25,9.076734613739241695e+02
26,9.212074275842445559e+02
27,9.351959882596416946e+02
28,9.494705467493594142e+02
29,9.639750526501698005e+02
30,9.789203848847494100e+02
31,9.936675043211168941e+02
32,1.008986010236203356e+03
33,1.024352490885499947e+03
34,1.039762263160939028e+03
35,1.055815223228651348e+03
36,1.071621111665414674e+03
37,1.087680230534139355e+03
38,1.104072357886774626e+03
39,1.120701670842794556e+03
40,1.137497158528367208e+03
41,1.154381205612241502e+03
42,1.171361204187241583e+03
43,1.188452798589273016e+03
44,1.205708774905491737e+03
45,1.223196775923553105e+03
46,1.240885189877869834e+03
47,1.258753946053635445e+03
48,1.276772859385799165e+03
49,1.294926601509811917e+03
50,1.313266699213374068e+03
51,1.331849126237848168e+03
52,1.350621362185000180e+03
53,1.369513048559507752e+03
54,1.388505825317799463e+03
55,1.407596189116803316e+03
56,1.426896658410245891e+03
57,1.446508424423046336e+03
58,1.466388707918172258e+03
59,1.486450159557090728e+03
60,1.506672285153519852e+03
61,1.527062327455501190e+03
62,1.547627051694626743e+03
63,1.568386103336312772e+03
64,1.589344271145476114e+03
65,1.610528628937782514e+03
66,1.631977637300409015e+03
67,1.653671307003072570e+03
68,1.675571322186000771e+03
69,1.697631938639170357e+03
70,1.719822268853058631e+03
71,1.742118790945555020e+03
72,1.764631442447698646e+03
73,1.787470098167690367e+03
74,1.810640636010230537e+03
75,1.834141505529770484e+03
76,1.857926494955120916e+03
77,1.881874744116027614e+03
78,1.905976726871846267e+03
79,1.930282343883932981e+03
80,1.954819210762892908e+03
81,1.979615625845164004e+03
82,2.004680333319756301e+03
83,2.029985618350263167e+03
84,2.055526051151025968e+03
85,2.081288773586138632e+03
86,2.107266289914282879e+03
87,2.133427983871006745e+03
88,2.159756029936697360e+03
89,2.186262315992742970e+03
90,2.212951301570280975e+03
91,2.239834079292813840e+03
92,2.266911132402054136e+03
93,2.294197005582329894e+03
94,2.321683958467217963e+03
95,2.349386535741045918e+03
96,2.377296997037391520e+03
97,2.405415030340082012e+03
98,2.433747751983194576e+03
99,2.462272564899807094e+03
100,2.491004013774247596e+03
101,2.519934358240092479e+03
102,2.549063286281169894e+03
103,2.578375629180806754e+03
104,2.607871074922830758e+03
105,2.637541883140819664e+03
106,2.667380313468350778e+03
107,2.697378625539001405e+03
108,2.727521650636099821e+03
109,2.757816505093722299e+03
110,2.788248020195196659e+03
111,2.818808464102484777e+03
112,2.849497567441332649e+03
113,2.880307641015619538e+03
114,2.911230995629226527e+03
115,2.942259942086033334e+03
116,2.973394219540169615e+03
117,3.004626138795516454e+03
118,3.035940582305702719e+03
119,3.067337289224858978e+03
120,3.098808570356865857e+03
121,3.130346736505602166e+03
122,3.161936670124698594e+03
123,3.193578110368286161e+03
124,3.225263368040243222e+03
125,3.256977325594200920e+03
126,3.288719722184288457e+03
127,3.320475440264136978e+03
128,3.352236790637625745e+03
129,3.384003512458885780e+03
130,3.415760488181545043e+03
131,3.447492736627817067e+03
132,3.479208107144982478e+03
133,3.510884872047907720e+03
134,3.542523588702205871e+03
135,3.574109957772990583e+03
136,3.605644536625876754e+03
137,3.637113025925977581e+03
138,3.668508554688658478e+03
139,3.699816823579032189e+03
140,3.731045818312963092e+03
141,3.762173811205316269e+03
142,3.793193931271455313e+03
143,3.824106735876992843e+03
144,3.854890497336795761e+03
145,3.885545773016475778e+03
146,3.916043406880647581e+03
147,3.946376527944675672e+03
148,3.976530836873674161e+03
149,4.006492034332757157e+03
150,4.036245820987038769e+03
151,4.065770422733402484e+03
152,4.095073593197813807e+03
153,4.124140754537510475e+03
154,4.152972185610226006e+03
155,4.181560736923445802e+03
156,4.209914115685157412e+03
157,4.238010315702344997e+03
158,4.265857044182996106e+03
159,4.293439723284343927e+03
160,4.320751203513876135e+03
161,4.347769478678575979e+03
162,4.374487399285932952e+03
163,4.400897815843428361e+03
164,4.426978722158050914e+03
165,4.452730397087535493e+03
166,4.478138262789118016e+03
167,4.503195169770283428e+03
168,4.527893968538518493e+03
169,4.552227509601308157e+03
170,4.576188643466137364e+03
171,4.599762792290242032e+03
172,4.622957663281610621e+03
173,4.645751250247223652e+03
174,4.668136403694571527e+03
175,4.690113402481388221e+03
176,4.711667822132077163e+03
177,4.732793279989971779e+03
178,4.753476118415321253e+03
179,4.773717536468875551e+03
180,4.793511304861135613e+03
181,4.812843765952350623e+03
182,4.831716118803273275e+03
183,4.850122134124399963e+03
184,4.868048154275983507e+03
185,4.885495378318775693e+03
186,4.902450148613023885e+03
187,4.918913664219479870e+03
188,4.934879695848642768e+03
189,4.950334585860762672e+03
190,4.965279533316591369e+03
191,4.979708308926628888e+03
192,4.993607255051124412e+03
193,5.006970142400578879e+03
194,5.019805598385994017e+03
195,5.032099965367618097e+03
196,5.043854442406200178e+03
197,5.055070228562493867e+03
198,5.065748522897246403e+03
199,5.075868239420460668e+03
200,5.085445433893385598e+03
201,5.094466402272742926e+03
202,5.102924683251393617e+03
203,5.110798912418171312e+03
204,5.118097438762906677e+03
205,5.124791469524184322e+03
206,5.130889353691834913e+03
207,5.136377155204942028e+03
208,5.141248366352836456e+03
209,5.145533621176103225e+03
210,5.149218983613824093e+03
211,5.152312802655830637e+03
212,5.154830855642204369e+03
213,5.156774063212531473e+03
214,5.158150774356641705e+03
215,5.158961909714118519e+03
216,5.159193533224042767e+03
217,5.158846565525999722e+03
218,5.157921927259570111e+03
219,5.156413110714086542e+03
220,5.154313608178882532e+03
221,5.151631768643788746e+03
222,5.148353656047889672e+03
223,5.144487619381015975e+03
224,5.140042007633001958e+03
225,5.135017741443430168e+03
226,5.129408313101631393e+03
227,5.123222071597439026e+03
228,5.116459937570435613e+03
229,5.109130260010453640e+03
230,5.101226531206826621e+03
231,5.092757100149385224e+03
232,5.083730315827963750e+03
233,5.074139670531892989e+03
234,5.063986084900755486e+03
235,5.053285336274636393e+03
236,5.042023488592614740e+03
237,5.030223747545026526e+03
238,5.017879605421200722e+03
239,5.004999411210972539e+03
240,4.991584085553923614e+03
241,4.977634549089636494e+03
242,4.963166579158192690e+03
243,4.948181096399175658e+03
244,4.932679021452168854e+03
245,4.916676131657252881e+03
246,4.900180776004262043e+03
247,4.883186446782528037e+03
248,4.865716349682382315e+03
249,4.847763976993158394e+03
250,4.829345106054939606e+03
251,4.810453100125358105e+03
252,4.791095663035748657e+03
253,4.771272941235501094e+03
254,4.750999937874498755e+03
255,4.730261942701628868e+03
256,4.709073958866778412e+03
257,4.687443561169583518e+03
258,4.665385752759929346e+03
259,4.642908108437455667e+03
260,4.620033059702294850e+03
261,4.596760753003837635e+03
262,4.573113619842215485e+03
263,4.549099235017069986e+03
264,4.524725173328032724e+03
265,4.499991581224495349e+03
266,4.474906033506088534e+03
267,4.449483533322703806e+03
268,4.423724227123724631e+03
269,4.397628261358538111e+03
270,4.371203210826782197e+03
271,4.344471507028591077e+03
272,4.317425868063101916e+03
273,4.290096153780701570e+03
274,4.262475082280526294e+03
275,4.234577656712463067e+03
276,4.206426308576646989e+03
277,4.178021184322466070e+03
278,4.149369858749555533e+03
279,4.120487335007803267e+03
280,4.091388616247093523e+03
281,4.062073848916814768e+03
282,4.032558036166852162e+03
283,4.002856181147092684e+03
284,3.972968430306922983e+03
285,3.942909786796229582e+03
286,3.912687825414647705e+03
287,3.882324977662315177e+03
288,3.851821389988618193e+03
289,3.821184637193192884e+03
290,3.790437150776175713e+03
291,3.759586505537202356e+03
292,3.728632847925660826e+03
293,3.697591181091438102e+03
294,3.666476508184417071e+03
295,3.635288975653988018e+03
296,3.604043586650035650e+03
297,3.572740487621946158e+03
298,3.541402110069856462e+03
299,3.510036028793403148e+03
300,3.478649818592222800e+03
301,3.447258253103408151e+03
302,3.415875187912883575e+03
303,3.384506820743528806e+03
304,3.353166777668474879e+03
305,3.321868684760851011e+03
306,3.290611311393288815e+03
307,3.259415711989169267e+03
308,3.228288084271370735e+03
309,3.197234625962775681e+03
310,3.166254106436013444e+03
311,3.135375008464714938e+03
312,3.104588673071260018e+03
313,3.073916154679029660e+03
314,3.043363651010905414e+03
315,3.012929931439514803e+03
316,2.982636050388241074e+03
317,2.952488205579963505e+03
318,2.922500023087813133e+03
319,2.892670272284418843e+03
320,2.863005150892662186e+03
321,2.833533141686174076e+03
322,2.804238157337084431e+03
323,2.775148680619023708e+03
324,2.746256052554372218e+03
325,2.717581327566510936e+03
326,2.689123275028069656e+03
327,2.660895521012179415e+03
328,2.632904263241719946e+03
329,2.605155699439572345e+03
330,2.577663455678867194e+03
331,2.550426301332233834e+03
332,2.523457862472803754e+03
333,2.496756908473207204e+03
334,2.470337065406574311e+03
335,2.444211959346036110e+03
336,2.418380359664222851e+03
337,2.392848464084014267e+03
338,2.367622470328291456e+03
339,2.342716004470184544e+03
340,2.318135264232574627e+03
341,2.293879018988091502e+03
342,2.269953466459615811e+03
343,2.246364804370028651e+03
344,2.223111802091958907e+03
345,2.200200657348288132e+03
346,2.177637567861896969e+03
347,2.155421303005415211e+03
348,2.133558060501723958e+03
349,2.112061466423953334e+03
350,2.090930290144733135e+03
351,2.070178106774399112e+03
352,2.049810859221852752e+03
353,2.029827011082948729e+03
354,2.010232454303794157e+03
355,1.991040509180744266e+03
356,1.972242210959404929e+03
357,1.953843451585882121e+03
358,1.935850123006281365e+03
359,1.918260688816458924e+03
360,1.901073612612270836e+03
361,1.884294786339822167e+03
362,1.867922673594969410e+03
363,1.851970594674067570e+03
364,1.836422156472473262e+03
365,1.821298107636792110e+03
366,1.806589483412629534e+03
367,1.792302175746092189e+03
368,1.778434648233035432e+03
369,1.764985364469314618e+03
370,1.751967644751286116e+03
371,1.739365095974306314e+03
372,1.727191038434729990e+03
373,1.715436507378163242e+03
374,1.704107394750712501e+03
375,1.693194735797982730e+03
376,1.682704422466080814e+03
377,1.672642346701111137e+03
378,1.662992115398430769e+03
379,1.653767048854394943e+03
380,1.644965610664859696e+03
381,1.636578836075431127e+03
382,1.628612617032214530e+03
383,1.621065417131065942e+03
384,1.613928271617591008e+03
385,1.607199644087646448e+03
386,1.600885426487336872e+03
387,1.594984082412518774e+03
388,1.589479218758547859e+03
389,1.584376727471529648e+03
390,1.579675072147320407e+03
391,1.575372716381776172e+03
392,1.571453267070252195e+03
393,1.567930044509104619e+03
394,1.564786655593689147e+03
395,1.562021563919861819e+03
396,1.559633233083478217e+03
397,1.557612698330143985e+03
398,1.555965851605965554e+03
399,1.554683728156548341e+03
400,1.553764791577748156e+03
401,1.553207693755483433e+03
402,1.553004411385670437e+03
403,1.553154537804539359e+03
404,1.553657666348318799e+03
405,1.554498533652737933e+03
406,1.555676733054026045e+03
407,1.557191857888412642e+03
408,1.559036073141876841e+03
409,1.561194115450147592e+03
410,1.563680434849954281e+03
411,1.566464911276526436e+03
412,1.569561994766592761e+03
413,1.572963850306132827e+03
414,1.576662642881125976e+03
415,1.580643109127300704e+03
416,1.584919699081387307e+03
417,1.589469721028864114e+03
418,1.594300196656210574e+03
419,1.599395862599156317e+03
420,1.604763740544180109e+03
421,1.610388567127011356e+03
422,1.616262507333629173e+03
423,1.622392582850513008e+03
424,1.628763530313391584e+03
425,1.635367514708244926e+03
426,1.642204129371301406e+03
427,1.649250682588040718e+03
428,1.656521624395192248e+03
429,1.663986834727984842e+03
430,1.671645906922648010e+03
431,1.679498434315410805e+03
432,1.687529153542002177e+03
433,1.695745086288902257e+03
434,1.704123540841588920e+03
435,1.712671538886542749e+03
436,1.721381245409741950e+03
437,1.730244825397166323e+03
438,1.739254443834794756e+03
439,1.748409694058856758e+03
440,1.757695312705081278e+03
441,1.767103464759447888e+03
442,1.776618886857685538e+03
443,1.786241172336023283e+03
444,1.795955057830190754e+03
445,1.805752708326166839e+03
446,1.815626288809931339e+03
447,1.825567964267463140e+03
448,1.835584756385240780e+03
449,1.845661401798994348e+03
450,1.855790065494702731e+03
451,1.865970595933453524e+03
452,1.876203862075765073e+03
453,1.886468702956264906e+03
454,1.896766242660330136e+03
455,1.907082748572838227e+03
456,1.917411916428915447e+03
457,1.927747441963689198e+03
458,1.938075592562036945e+03
459,1.948382635608835244e+03
460,1.958684551889961085e+03
461,1.968952752089792057e+03
462,1.979210645344454861e+03
463,1.989429642338326857e+03
464,1.999633152207534977e+03
465,2.009792585636456124e+03
466,2.019923923410967745e+03
467,2.030013432915946623e+03
468,2.040047381536269995e+03
469,2.050026893357315203e+03
470,2.059938235763958346e+03
471,2.069767676141077118e+03
472,2.079516338574049314e+03
473,2.089170490447750581e+03
474,2.098731255847559169e+03
475,2.108192330508602026e+03
476,2.117554838516255586e+03
477,2.126805047255396858e+03
478,2.135951509161654030e+03
479,2.144995348320403082e+03
480,2.153915403766271993e+03
481,2.162727656285136618e+03
482,2.171403516561375000e+03
483,2.179951537030613963e+03
484,2.188357985077730973e+03
485,2.196609128087602585e+03
486,2.204713518495855624e+03
487,2.212657423687368464e+03
488,2.220434539397266235e+03
489,2.228053418061177581e+03
490,2.235500327063979057e+03
491,2.242776390491048005e+03
492,2.249882732427760857e+03
493,2.256820476959494954e+03
494,2.263583319821377245e+03
495,2.270164956748536042e+03
496,2.276566511826346414e+03
497,2.282774252439687643e+03
498,2.288789302673934799e+03
499,2.294605358264215738e+03
500,2.300216114945657864e+03
501,2.305615332688304079e+03
502,2.310804456752112401e+03
503,2.315777568281707318e+03
504,2.320536176771962801e+03
505,2.325089220068002760e+03
506,2.329423350964202200e+03
507,2.333547507305684576e+03
508,2.337455770237074830e+03
509,2.341142220902996542e+03
510,2.344623225498823558e+03
511,2.347878008468680946e+03
512,2.350922936007942553e+03
513,2.353744660910982475e+03
514,2.356344692672675137e+03
515,2.358724540787894512e+03
516,2.360885714751515479e+03
517,2.362822295708161164e+03
518,2.364528364802456508e+03
519,2.366012859879525422e+03
520,2.367262433733742455e+03
521,2.368286024210231062e+03
522,2.369077712453616186e+03
523,2.369631579608522316e+03
524,2.369963991870322388e+03
525,2.370061602033391409e+03
526,2.369940776293104136e+03
527,2.369595595794083238e+03
528,2.369027570031204959e+03
529,2.368238208499341454e+03
530,2.367236449043618450e+03
531,2.366008944458409132e+03
532,2.364572060939088260e+03
533,2.362919879630280320e+03
534,2.361046481676608437e+03
535,2.358968233273448277e+03
536,2.356671787215172571e+03
537,2.354173509697156533e+03
538,2.351467481864024194e+03
539,2.348562641560899010e+03
540,2.345445641582155986e+03
541,2.342140276473419362e+03
542,2.338640627379313173e+03
543,2.334940775444461451e+03
544,2.331057086864238045e+03
545,2.326991071133517835e+03
546,2.322736809396925310e+03
547,2.318303239499583924e+03
548,2.313691870936367650e+03
549,2.308904213202151368e+03
550,2.303941775791809505e+03
551,2.298820731555238126e+03
552,2.293526766559423777e+03
553,2.288075086926876338e+03
554,2.282473470429854387e+03
555,2.276714838140117536e+03
556,2.270799539479674422e+03
557,2.264750208921284866e+03
558,2.258552339186457175e+03
559,2.252213708047450837e+03
560,2.245734664926275400e+03
561,2.239130415945439381e+03
562,2.232386453826452453e+03
563,2.225517984691824040e+03
564,2.218532786313812721e+03
565,2.211416351413927259e+03
566,2.204183886114677989e+03
567,2.196843168188323034e+03
568,2.189387118706622005e+03
569,2.181823515441834388e+03
570,2.174152707815968824e+03
571,2.166382473601284346e+03
572,2.158520590570040895e+03
573,2.150567408144246201e+03
574,2.142523275745910723e+03
575,2.134410827847793826e+03
576,2.126215557171403816e+03
577,2.117960098189499149e+03
578,2.109637371973840800e+03
579,2.101255156296687346e+03
580,2.092821228930297366e+03
581,2.084343367646930346e+03
582,2.075821921868594927e+03
583,2.067257241017301112e+03
584,2.058664531215557417e+03
585,2.050044141885373847e+03
586,2.041396422448758813e+03
587,2.032729150677971802e+03
588,2.024057532695521104e+03
589,2.015367061222917300e+03
590,2.006680370732918618e+03
591,1.997997810647534834e+03
592,1.989319730388773905e+03
593,1.980653907728896456e+03
594,1.972000692089910444e+03
595,1.963375289594325977e+03
596,1.954778049664151922e+03
597,1.946209321721397373e+03
598,1.937676883538321135e+03
599,1.929188512887182696e+03
600,1.920744559189991151e+03
601,1.912359981230910762e+03
602,1.904019035039724940e+03
603,1.895750299409373156e+03
604,1.887537783031293657e+03
605,1.879387779647675188e+03
606,1.871314011350956434e+03
607,1.863307915182827628e+03
608,1.855383213235725407e+03
609,1.847546199251839880e+03
610,1.839780881922608842e+03
611,1.832115840040972444e+03
612,1.824535082298368479e+03
613,1.817044902436985922e+03
614,1.809666450899514075e+03
615,1.802376308027140567e+03
616,1.795203052612805095e+03
617,1.788138121698196073e+03
618,1.781187809025502474e+03
619,1.774350979986663333e+03
620,1.767633928323866940e+03
621,1.761050376129552205e+03
622,1.754591760445408227e+03
623,1.748256946663373128e+03
624,1.742059656875886049e+03
625,1.735998756474886250e+03
626,1.730080539202562022e+03
627,1.724296442100601780e+03
628,1.718667615611695055e+03
629,1.713178068427280323e+03
630,1.707841522639796040e+03
631,1.702656843641181695e+03
632,1.697622896823374958e+03
633,1.692753404278816106e+03
634,1.688039803049192415e+03
635,1.683488386876694221e+03
636,1.679105449503509135e+03
637,1.674889856321575962e+03
638,1.670840472722833965e+03
639,1.666963592449471662e+03
640,1.663258080893427859e+03
641,1.659730231796891530e+03
642,1.656371482201551316e+03
643,1.653202982550095840e+03
644,1.650201313183714774e+03
645,1.647387624545095605e+03
646,1.644760782026177367e+03
647,1.642312222668649611e+03
648,1.640048240214700400e+03
649,1.637967700056268995e+03
650,1.636084324285794082e+03
651,1.634382079589405976e+03
652,1.632867049682754214e+03
653,1.631545276276179266e+03
654,1.630415372729771889e+03
655,1.629483380753873234e+03
656,1.628733057008073956e+03
657,1.628177871552964916e+03
658,1.627816437748637327e+03
659,1.627647368955181719e+03
660,1.627669278532688850e+03
661,1.627880779841249478e+03
662,1.628287914591205208e+03
663,1.628881867792396406e+03
664,1.629668681155163540e+03
665,1.630646968039598278e+03
666,1.631807913455540984e+03
667,1.633157559113332582e+03
668,1.634701946723313768e+03
669,1.636424832945075877e+03
670,1.638339687839209546e+03
671,1.640437696415555365e+03
672,1.642717472034204320e+03
673,1.645177628055247624e+03
674,1.647816777838775351e+03
675,1.650640963095129337e+03
676,1.653641368834150171e+03
677,1.656816608415928386e+03
678,1.660157866850304345e+03
679,1.663678614197870502e+03
680,1.667370035468465858e+03
681,1.671223315671933051e+03
682,1.675237068168361247e+03
683,1.679417334668092735e+03
684,1.683762728531217817e+03
685,1.688257006417326693e+03
686,1.692906210036761422e+03
687,1.697708952749612081e+03
688,1.702663847915969882e+03
689,1.707769508895925128e+03
690,1.713017120699319094e+03
691,1.718405296686242764e+03
692,1.723932650216786897e+03
693,1.729597794651042477e+03
694,1.735391914998849870e+03
695,1.741321052970550681e+03
696,1.747361536875485399e+03
697,1.753534265124494596e+03
698,1.759815566026919214e+03
699,1.766218909643350571e+03
700,1.772728052633378866e+03
701,1.779341807296986190e+03
702,1.786052353343465938e+03
703,1.792866926122502264e+03
704,1.799785332633529379e+03
705,1.806785094825231454e+03
706,1.813888304747792517e+03
707,1.821072484349897422e+03
708,1.828337440630980154e+03
709,1.835690408940723955e+03
710,1.843116339578064753e+03
711,1.850615039542435397e+03
712,1.858193744183521176e+03
713,1.865829975450005122e+03
714,1.873530968691572070e+03
715,1.881296530907656006e+03
716,1.889111612397191720e+03
717,1.896976020159612972e+03
718,1.904889561194353746e+03
719,1.912844614150599227e+03
720,1.920840986027782492e+03
721,1.928871055475088042e+03
722,1.936934629491950773e+03
723,1.945031515077804215e+03
724,1.953154090881832872e+03
725,1.961302163903470273e+03
726,1.969468112791901603e+03
727,1.977651744546561304e+03
728,1.985852866166882222e+03
729,1.994048999601549667e+03
730,2.002254808550497273e+03
731,2.010462671662909315e+03
732,2.018657539237720584e+03
733,2.026846646624614777e+03
734,2.035022372472776169e+03
735,2.043169667081139551e+03
736,2.051303194149637875e+03
737,2.059400475626956450e+03
738,2.067468746862779426e+03
739,2.075500386506289942e+03
740,2.083487773206673864e+03
741,2.091423285613113876e+03
742,2.099306730725045327e+03
743,2.107137915541901748e+03
744,2.114901790362617703e+03
745,2.122598162186627178e+03
746,2.130219409663114675e+03
747,2.137765339791514180e+03
748,2.145228331221010194e+03
749,2.152608190951036704e+03
750,2.159897297630777302e+03
751,2.167088260121570329e+03
752,2.174174608133364472e+03
753,2.181164958288762591e+03
754,2.188053070509867666e+03
755,2.194832704718781315e+03
756,2.201497620837606519e+03
757,2.208063863839196074e+03
758,2.214517765295402569e+03
759,2.220860513478577104e+03
760,2.227085868310824480e+03
761,2.233195018064495343e+03
762,2.239181722661692675e+03
763,2.245047170374769394e+03
764,2.250777692775578089e+03
765,2.256374478136470316e+03
766,2.261838714729800358e+03
767,2.267156734127418986e+03
768,2.272337152951929511e+03
769,2.277358874424934584e+03
770,2.282237943519286091e+03
771,2.286960691806837531e+03
772,2.291520879209690975e+03
773,2.295927122350447917e+03
774,2.300165752800962764e+03
775,2.304237958833587072e+03
776,2.308152357070922790e+03
777,2.311902707435073353e+03
778,2.315490198198391226e+03
779,2.318916017633228421e+03
780,2.322173925661687463e+03
781,2.325272538906371210e+03
782,2.328198188939132706e+03
783,2.330959492382573444e+03
784,2.333542780808546013e+03
785,2.335949242489404241e+03
786,2.338165208996998899e+03
787,2.340199296953933299e+03
788,2.342045266282310422e+03
789,2.343689448553982402e+03
790,2.345147888741801125e+03
791,2.346406918417620091e+03
792,2.347475154204041701e+03
793,2.348346356023167573e+03
794,2.349021712147351082e+03
795,2.349494982498694753e+03
796,2.349774783699800992e+03
797,2.349862304023021807e+03
798,2.349751303390460635e+03
799,2.349450398424719424e+03
800,2.348953349047900701e+03
801,2.348261380306521005e+03
802,2.347383292694004467e+03
803,2.346305638427187660e+03
804,2.345037254773659697e+03
805,2.343564693950257151e+03
806,2.341881936524067441e+03
807,2.339990391412429290e+03
808,2.337891467532679599e+03
809,2.335579145451906243e+03
810,2.333054834087447034e+03
811,2.330319942356638876e+03
812,2.327390735877320367e+03
813,2.324261195216578017e+03
814,2.320940157642000941e+03
815,2.317436460421175980e+03
816,2.313751512471440947e+03
817,2.309879294359882806e+03
818,2.305821215003840280e+03
819,2.301571254970400332e+03
820,2.297123394826650838e+03
821,2.292471615139679216e+03
822,2.287617324826823278e+03
823,2.282554504455170900e+03
824,2.277291991292309831e+03
825,2.271838622605826913e+03
826,2.266195807313060413e+03
827,2.260372382681598083e+03
828,2.254369757628776824e+03
829,2.248204197772435236e+03
830,2.241877112029910222e+03
831,2.235389909318540504e+03
832,2.228736570205411681e+03
833,2.221911075257613902e+03
834,2.214922261742733099e+03
835,2.207756681877607662e+03
836,2.200408316229324555e+03
837,2.192886002065472439e+03
838,2.185198576653637701e+03
839,2.177332592210659641e+03
840,2.169319171054874460e+03
841,2.161152293753370031e+03
842,2.152840797573734562e+03
843,2.144386091433305410e+03
844,2.135811869300170201e+03
845,2.127097255040916480e+03
846,2.118258514273381934e+03
847,2.109282199214404500e+03
848,2.100177147131571928e+03
849,2.090937338591971638e+03
850,2.081556754162690595e+03
851,2.072051464550131186e+03
852,2.062414475764200233e+03
853,2.052653455603868679e+03
854,2.042768643517857072e+03
855,2.032782564005637369e+03
856,2.022680599815429559e+03
857,2.012485275446704236e+03
858,2.002196830348183539e+03
859,1.991815503968588018e+03
860,1.981341535756637768e+03
861,1.970782593511304640e+03
862,1.960131488331059245e+03
863,1.949403316365122919e+03
864,1.938590888711965817e+03
865,1.927694444820309627e+03
866,1.916729080839374546e+03
867,1.905680179517381703e+03
868,1.894555408653302948e+03
869,1.883362436046107632e+03
870,1.872094072794268186e+03
871,1.860757986696754415e+03
872,1.849361845552538171e+03
873,1.837898460460089609e+03
874,1.826382927568630066e+03
875,1.814815486326880318e+03
876,1.803203804533811763e+03
877,1.791548121638144494e+03
878,1.779870962139350240e+03
879,1.768157708785649675e+03
880,1.756423457726263223e+03
881,1.744661020059662405e+03
882,1.732885491935068330e+03
883,1.721089684450951154e+03
884,1.709273837056032107e+03
885,1.697445617549282815e+03
886,1.685605265379423372e+03
887,1.673753019995174782e+03
888,1.661903977545758835e+03
889,1.650043520779395294e+03
890,1.638194174195555433e+03
891,1.626348748892710773e+03
892,1.614514912669831801e+03
893,1.602692904975639294e+03
894,1.590897821959354587e+03
895,1.579115046369198353e+03
896,1.567367102704641184e+03
897,1.555646802064154826e+03
898,1.543961812246709997e+03
899,1.532319801051276727e+03
900,1.520721007926577158e+03
901,1.509165455064193793e+03
902,1.497667152327659096e+03
903,1.486225035622868290e+03
904,1.474838040855715008e+03
905,1.463512532282344864e+03
906,1.452247445808651719e+03
907,1.441056574041030899e+03
908,1.429931424535126325e+03
909,1.418878361547083387e+03
910,1.407896320982796169e+03
911,1.396991667098409607e+03
912,1.386170764150068635e+03
913,1.375432548043667111e+03
914,1.364775954685100487e+03
915,1.354199919980262848e+03
916,1.343718236535549067e+03
917,1.333322411906603747e+03
918,1.323011381999321429e+03
919,1.312798939420097213e+03
920,1.302684020074825412e+03
921,1.292658131519150629e+03
922,1.282735066359467510e+03
923,1.272921188851920760e+03
924,1.263200578201905046e+03
925,1.253594455366065176e+03
926,1.244094327900045300e+03
927,1.234706560059990807e+03
928,1.225437516102045720e+03
929,1.216286131932105036e+03
930,1.207251343456063296e+03
931,1.198332086579815041e+03
932,1.189542153909754688e+03
933,1.180873053001527524e+03
934,1.172331148111278026e+03
935,1.163915375144900509e+03
936,1.155624670008289968e+03
937,1.147465396957590656e+03
938,1.139436491898697568e+03
939,1.131544319087755184e+03
940,1.123780386080408107e+03
941,1.116158485483051663e+03
942,1.108670124851329092e+03
943,1.101321668441386464e+03
944,1.094112052159117638e+03
945,1.087047640260667777e+03
946,1.080119940301680572e+03
947,1.073342744888551806e+03
948,1.066707561576925627e+03
949,1.060213326272696577e+03
950,1.053873831582259299e+03
951,1.047680544347689647e+03
952,1.041632196907035450e+03
953,1.035734909235026635e+03
954,1.029979944605892115e+03
955,1.024380851344611528e+03
956,1.018928892725413561e+03
957,1.013630188723028027e+03
958,1.008476002611683612e+03
959,1.003472454366110128e+03
960,9.986256639610369348e+02
961,9.939268946706930592e+02
962,9.893822664698076323e+02
963,9.849904709828603018e+02
964,9.807501998343302603e+02
965,9.766601446486965870e+02
966,9.727189970504385883e+02
967,9.689328770142855092e+02
968,9.652930478144668314e+02
969,9.618056294257117997e+02
970,9.584693134724996071e+02
971,9.552753632290598489e+02
972,9.522298986701209742e+02
973,9.493316114201631990e+02
974,9.465866214539153134e+02
975,9.439787636953568608e+02
976,9.415141581192166313e+02
977,9.391989247002243246e+02
978,9.370243267126091951e+02
979,9.349890557808504354e+02
980,9.330992318796774043e+02
981,9.313461182833194698e+02
982,9.297284066162557110e+02
983,9.282447885029653207e+02
984,9.269013839181777712e+02
985,9.256894561361224305e+02
986,9.246076967812783778e+02
987,9.236622258283747442e+02
988,9.228443065516412389e+02
989,9.221526305755570547e+02
990,9.215858895246010434e+02
991,9.211427750232529661e+02
992,9.208294070462419540e+02
993,9.206296205175473233e+02
994,9.205569637621481434e+02
995,9.205952717040238440e+02
996,9.207506643179038974e+02
997,9.210218332282670417e+02
998,9.214074700595930381e+02
999,9.218988380861111409e+02
1000,9.225020572825505951e+02
1001,9.232011256716828029e+02
1002,9.240104070724486292e+02
1003,9.249147150015814987e+02
1004,9.259211480265638556e+02
1005,9.270145196641292387e+02
1006,9.282093568320105987e+02
1007,9.294904730469411334e+02
1008,9.308649668764039689e+02
1009,9.323325085376320658e+02
1010,9.338779115473582806e+02
1011,9.355157028233162464e+02
1012,9.372306958822385923e+02
1013,9.390225609413588472e+02
1014,9.409058249184096212e+02
1015,9.428578729798745144e+02
1016,9.448932320434859093e+02
1017,9.470115723264776761e+02
1018,9.491977073455824438e+02
1019,9.514587356682834525e+02
1020,9.537943275118137763e+02
1021,9.561967247431563237e+02
1022,9.586655975795445102e+02
1023,9.611857595377111920e+02
1024,9.637717375353896614e+02
1025,9.664009167390628363e+02
1026,9.690878240664636678e+02
1027,9.718172730343258081e+02
1028,9.745889338598816494e+02
1029,9.774173334608647110e+02
1030,9.802798570037580248e+02
1031,9.831910314062945417e+02
1032,9.861356701852076867e+02
1033,9.891283002582300696e+02
1034,9.921537351420951154e+02
1035,9.952190734042859503e+02
1036,9.983091285615353172e+02
1037,1.001416142480826693e+03
1038,1.004554642079892915e+03
1039,1.007709440875467294e+03
1040,1.010872780734532626e+03
1041,1.014051760224572377e+03
1042,1.017238621212569342e+03
1043,1.020425605565506658e+03
1044,1.023627240201117388e+03
1045,1.026828338636134959e+03
1046,1.030028571087791761e+03
1047,1.033227607773321779e+03
1048,1.036425118909957519e+03
1049,1.039613346364682002e+03
1050,1.042791960354728872e+03
1051,1.045953393242393076e+03
1052,1.049098267721468574e+03
1053,1.052227396981062384e+03
1054,1.055341594210281073e+03
1055,1.058426815897730648e+03
1056,1.061491303582768069e+03
1057,1.064528442104249280e+03
1058,1.067539044651281529e+03
1059,1.070516496062720762e+03
1060,1.073469037877923938e+03
1061,1.076390054935747230e+03
1062,1.079280360425296976e+03
1063,1.082133339185430259e+03
1064,1.084949804405252962e+03
1065,1.087723140923622168e+03
1066,1.090461590279893926e+03
1067,1.093151108962674925e+03
1068,1.095807366861571836e+03
1069,1.098408892114940727e+03
1070,1.100971354612388495e+03
1071,1.103480710842521603e+03
1072,1.105945202344696327e+03
1073,1.108350785607519356e+03
1074,1.110705702170347195e+03
1075,1.113003336872036471e+03
1076,1.115251931251943461e+03
1077,1.117437441798674627e+03
1078,1.119568110051586700e+03
1079,1.121629892499286143e+03
1080,1.123638459031379398e+03
1081,1.125579766136472927e+03
1082,1.127454627003673295e+03
1083,1.129263854822086842e+03
1084,1.131008262780820587e+03
1085,1.132681235718730477e+03
1086,1.134283586824923304e+03
1087,1.135816129288505635e+03
1088,1.137272247948333415e+03
1089,1.138652755993513892e+03
1090,1.139958466613153405e+03
1091,1.141190192996357837e+03
1092,1.142341319981984725e+03
1093,1.143412660759139726e+03
1094,1.144405028516929633e+03
1095,1.145319236444461012e+03
1096,1.146148669380590036e+03
1097,1.146901568864673891e+03
1098,1.147571319735568750e+03
1099,1.148151306832130558e+03
1100,1.148657200043966895e+03
1101,1.149067570008197436e+03
1102,1.149398299108248466e+03
1103,1.149635598825310126e+03
1104,1.149795394041572763e+03
1105,1.149863896238226516e+03
1106,1.149842173596960947e+03
1107,1.149738722649717147e+03
1108,1.149539754877684345e+03
1109,1.149261195163053117e+03
1110,1.148889254987013373e+03
1111,1.148432430881505297e+03
1112,1.147884362677969420e+03
1113,1.147253546908345243e+03
1114,1.146533623404073069e+03
1115,1.145725660346843597e+03
1116,1.144830725918346161e+03
1117,1.143849888300271004e+03
1118,1.142784215674308825e+03
1119,1.141627347871899246e+03
1120,1.140380353074732739e+03
1121,1.139051727814749029e+03
1122,1.137635111923388195e+03
1123,1.136131573582340707e+03
1124,1.134549609323546974e+03
1125,1.132875430628196455e+03
1126,1.131110105677979618e+03
1127,1.129269559355086358e+03
1128,1.127347431490957206e+03
1129,1.125337361917032013e+03
1130,1.123255275515500898e+03
1131,1.121087383767554002e+03
1132,1.118842183205131278e+03
1133,1.116520742009923424e+03
1134,1.114116700013370291e+03
1135,1.111638553747411606e+03
1136,1.109087371393737840e+03
1137,1.106456792783789297e+03
1138,1.103755314449505704e+03
1139,1.100984004572577305e+03
1140,1.098129074634194467e+03
1141,1.095213877866797020e+03
1142,1.092224625751575559e+03
1143,1.089169814820469583e+03
1144,1.086043084904919397e+03
1145,1.082852932536865637e+03
1146,1.079600425897997411e+03
1147,1.076286633170005871e+03
1148,1.072905194184330639e+03
1149,1.069464605472912126e+03
1150,1.065965935217439892e+03
1151,1.062410124055698361e+03
1152,1.058797602449845272e+03
1153,1.055136101668382025e+03
1154,1.051411067929060437e+03
1155,1.047637660850632301e+03
1156,1.043808755001099144e+03
1157,1.039932081648962821e+03
1158,1.036007943712474344e+03
1159,1.032036644109886083e+03
1160,1.028018485759449277e+03
1161,1.023953771579415729e+03
1162,1.019850232838286729e+03
1163,1.015700744104064484e+03
1164,1.011513036645250281e+03
1165,1.007287413380095813e+03
1166,1.003016748876602492e+03
1167,9.987087744032725141e+02
1168,9.943637928783572306e+02
1169,9.899895355703579298e+02
1170,9.855788770472770466e+02
1171,9.811395485776153009e+02
1172,9.766718530796250661e+02
1173,9.721760934715575786e+02
1174,9.676525726716644158e+02
1175,9.631015935981977236e+02
1176,9.585308875196585632e+02
1177,9.539407573542989667e+02
1178,9.493240776701205732e+02
1179,9.446960080858746096e+02
1180,9.400494231695630560e+02
1181,9.353846258394374900e+02
1182,9.307093473639996546e+02
1183,9.260238906615010137e+02
1184,9.213285586501933722e+02
1185,9.166236542483284211e+02
1186,9.119094803741572832e+02
1187,9.071937682961821565e+02
1188,9.024768209326543911e+02
1189,8.977589412018259054e+02
1190,8.930330036716981112e+02
1191,8.883215963112726286e+02
1192,8.836101653383011580e+02
1193,8.789064420212856703e+02
1194,8.742181576287271128e+02
1195,8.695381867286279203e+02
1196,8.648668322392388745e+02
1197,8.602118254290622872e+02
1198,8.555808975665994467e+02
1199,8.509669232198522195e+02
1200,8.463702053070721831e+02
1201,8.417983191889185264e+02
1202,8.372507882444311917e+02
1203,8.327269799448077947e+02
1204,8.282336901114957755e+02
1205,8.237628578654428111e+02
1206,8.193212790280962281e+02
1207,8.149083210706537557e+02
1208,8.105307798145628340e+02
1209,8.061880227310211922e+02
1210,8.018719889409760526e+02
1211,7.975894742658753103e+02
1212,7.933472745271662916e+02
1213,7.891373288457965600e+02
1214,7.849664330432138968e+02
1215,7.808413829408651736e+02
1216,7.767466893094486977e+02
1217,7.726965763206618476e+02
1218,7.686904114457017840e+02
1219,7.647275621557664635e+02
1220,7.607999675718032222e+02
1221,7.569292802157596043e+02
1222,7.530925825080834102e+02
1223,7.493115269707217294e+02
1224,7.455706243743725281e+02
1225,7.418840988907331848e+02
1226,7.382438896407511493e+02
1227,7.346567924458739753e+02
1228,7.311221747772993922e+02
1229,7.276468324564747263e+02
1230,7.242227046043476548e+02
1231,7.208491586921157932e+02
1232,7.175329905412264679e+02
1233,7.142809959731274603e+02
1234,7.110776857585161679e+02
1235,7.079372840690901967e+02
1236,7.048517300257969964e+02
1237,7.018278194500841209e+02
1238,6.988649198131491858e+02
1239,6.959623985861898063e+02
1240,6.931196232404033708e+02
1241,6.903433895972374330e+02
1242,6.876330651278896084e+02
1243,6.849805889533074605e+02
1244,6.823927568949385432e+02
1245,6.798689364239803581e+02
1246,6.774159233618802318e+02
1247,6.750256568295861825e+02
1248,6.727049326485454230e+02
1249,6.704456899397055167e+02
1250,6.682621528747640696e+02
1251,6.661387943204250632e+02
1252,6.640822205781676075e+02
1253,6.620990000454775100e+02
1254,6.601808444193404739e+02
1255,6.583343220972419658e+02
1256,6.565585731264180822e+02
1257,6.548527375541040101e+02
1258,6.532159554275358460e+02
1259,6.516399384436990658e+02
1260,6.501461117005791266e+02
1261,6.487113301946621959e+02
1262,6.473495906736835650e+02
1263,6.460600331848789892e+02
1264,6.448343694252342857e+02
1265,6.436791677922349209e+02
1266,6.425861399828665981e+02
1267,6.415692827448652906e+02
1268,6.406203077752163608e+02
1269,6.397383551211555641e+02
1270,6.389225648299185423e+02
1271,6.381720769487411644e+02
1272,6.374934598751086696e+02
1273,6.368784253060073297e+02
1274,6.363253704536473379e+02
1275,6.358408637155145016e+02
1276,6.354218166337697085e+02
1277,6.350673692556482592e+02
1278,6.347766616283861367e+02
1279,6.345488337992189827e+02
1280,6.343837686504072053e+02
1281,6.342806062291867875e+02
1282,6.342384865827932572e+02
1283,6.342565497584623699e+02
1284,6.343339358034297675e+02
1285,6.344705275999559717e+02
1286,6.346647223602518579e+02
1287,6.349164029665781754e+02
1288,6.352239666311453448e+02
1289,6.355865534011891214e+02
1290,6.360047889939952483e+02
1291,6.364763277867493798e+02
1292,6.370003098266872712e+02
1293,6.375758751610443369e+02
1294,6.382029066720815536e+02
1295,6.388783159019593541e+02
1296,6.396027285679635952e+02
1297,6.403737990472799311e+02
1298,6.411914102221688836e+02
1299,6.420532164698163342e+02
1300,6.429583578374578110e+02
1301,6.439060745189766521e+02
1302,6.448952644598219877e+02
1303,6.459249257520904166e+02
1304,6.469940564878784244e+02
1305,6.481038832643580463e+02
1306,6.492511756685506725e+02
1307,6.504364174626028898e+02
1308,6.516586067386116383e+02
1309,6.529167415886734034e+02
1310,6.542090772698600176e+02
1311,6.555360975443180678e+02
1312,6.568960576691190454e+02
1313,6.582879557363598906e+02
1314,6.597107898381370887e+02
1315,6.611635580665472389e+02
1316,6.626452585136871676e+02
1317,6.641548892716537011e+02
1318,6.656914484325430976e+02
1319,6.672539340884522971e+02
1320,6.688406014964529049e+02
1321,6.704511915836666276e+02
1322,6.720847024421899505e+02
1323,6.737386464940698261e+02
1324,6.754127646664276199e+02
1325,6.771053122163352782e+02
1326,6.788152872358891727e+02
1327,6.805416878171862436e+02
1328,6.822827692172980960e+02
1329,6.840367866932962215e+02
1330,6.858034811723025541e+02
1331,6.875811079113884716e+02
1332,6.893671793326008128e+02
1333,6.911621791980861644e+02
1334,6.929636199298913652e+02
1335,6.947697567850880205e+02
1336,6.965803306907974957e+02
1337,6.983928540690668569e+02
1338,7.002070678470175835e+02
1339,7.020204844466964005e+02
1340,7.038313591251747994e+02
1341,7.056394328095747142e+02
1342,7.074422179219426425e+02
1343,7.092387125543752973e+02
1344,7.110264291289194034e+02
1345,7.128051085726964402e+02
1346,7.145722633077532464e+02
1347,7.163268914261865348e+02
1348,7.180665053500428030e+02
1349,7.197908460064436440e+02
1350,7.214974258174361239e+02
1351,7.231853700064531267e+02
1352,7.248535694872487056e+02
1353,7.265032708099888623e+02
1354,7.281260636695141102e+02
1355,7.297328514713152572e+02
1356,7.313167095802830318e+02
1357,7.328781417115581007e+02
1358,7.344176515802811309e+02
1359,7.359283145513428508e+02
1360,7.374106343398839272e+02
1361,7.388651146610452543e+02
1362,7.402996875802173236e+02
1363,7.417000001120409252e+02
1364,7.430739843219067780e+02
1365,7.444221439249554351e+02
1366,7.457301259358279140e+02
1367,7.470132907701646445e+02
1368,7.482647137928563552e+02
1369,7.494774703687940018e+02
1370,7.506669209136180143e+02
1371,7.518112840917192443e+02
1372,7.529259203187383491e+02
1373,7.540039049595660572e+02
1374,7.550457417293429216e+02
1375,7.560445059929600120e+02
1376,7.570081298158075924e+02
1377,7.579371169130265571e+02
1378,7.588245426495078618e+02
1379,7.596709107403917187e+02
1380,7.604692965505694247e+02
1381,7.612350604956810685e+02
1382,7.619538495903677813e+02
1383,7.626261675497702299e+02
1384,7.632525180890289676e+02
1385,7.638408332735347130e+02
1386,7.643841884681781949e+02
1387,7.648756590378501414e+02
1388,7.653231770479414990e+02
1389,7.657198178633425414e+02
1390,7.660735135494442147e+02
1391,7.663773394711370202e+02
1392,7.666317993435620792e+02
1393,7.668448252321097698e+02
1394,7.670020641514207682e+02
1395,7.671040198166359687e+02
1396,7.671586242931460902e+02
1397,7.671663812960916857e+02
1398,7.671129378401134318e+02
1399,7.670136543408522130e+02
1400,7.668541778129485920e+02
1401,7.666499038922594309e+02
1402,7.663866556945056345e+02
1403,7.660725766063741276e+02
1404,7.657083816643020100e+02
1405,7.652873575544763298e+02
1406,7.648102193133340734e+02
1407,7.642776819773121133e+02
1408,7.636978889330976017e+02
1409,7.630566985166274208e+02
1410,7.623696824648386610e+02
1411,7.616226991136683182e+02
1412,7.608238918498034309e+02
1413,7.599665473594309333e+02
1414,7.590588090292377501e+02
1415,7.580939635454111567e+02
1416,7.570801542946379641e+02
1417,7.560106679631052202e+02
1418,7.548936479374998498e+02
1419,7.537223809040090146e+02
1420,7.524975818990695871e+02
1421,7.512199659591186673e+02
1422,7.498902481205930144e+02
1423,7.485165717701801213e+02
1424,7.470847952438165294e+02
1425,7.456030619281895042e+02
1426,7.440720868597358049e+02
1427,7.424851567246428203e+02
1428,7.408504149095971343e+02
1429,7.391685764510360741e+02
1430,7.374403563853963988e+02
1431,7.356590413988654973e+02
1432,7.338327748781298396e+02
1433,7.319548435093768148e+02
1434,7.300333906792932339e+02
1435,7.280617030740662585e+02
1436,7.260479240803826997e+02
1437,7.239853403844298327e+02
1438,7.218746670226445303e+02
1439,7.197240473817137172e+02
1440,7.175341964980744933e+02
1441,7.152984010579137930e+02
1442,7.130173760976684889e+02
1443,7.106918366537760221e+02
1444,7.083299261129229762e+02
1445,7.059249311612966267e+02
1446,7.034775668353337323e+02
1447,7.009959765217215590e+02
1448,6.984734469066470410e+02
1449,6.959106930265469373e+02
1450,6.933158582681085136e+02
1451,6.906895819120426268e+02
1452,6.880247718659060183e+02
1453,6.853216886317792387e+02
1454,6.825880210619931177e+02
1455,6.798240296586282057e+02
1456,6.770299749237650531e+02
1457,6.742061173594844377e+02
1458,6.713452891176170851e+02
1459,6.684551790504934843e+02
1460,6.655360476601940718e+02
1461,6.625881554488000802e+02
1462,6.596117629183917188e+02
1463,6.566071305710497654e+02
1464,6.535745189088547704e+02
1465,6.505141884338875116e+02
1466,6.474338279984785913e+02
1467,6.443262697544585080e+02
1468,6.411992025541582052e+02
1469,6.380454585494081812e+02
1470,6.348652982422891000e+02
1471,6.316738388353813889e+02
1472,6.284564841302661762e+02
1473,6.252134946290235575e+02
1474,6.219599875342346422e+02
1475,6.186813666474797628e+02
1476,6.153927491713398013e+02
1477,6.120869672576452558e+02
1478,6.087642814084767906e+02
1479,6.054323804761651218e+02
1480,6.020840966125408613e+02
1481,5.987271186699344980e+02
1482,5.953542788001769850e+02
1483,5.919732658555988110e+02
1484,5.885917686885305784e+02
1485,5.851951911005530746e+02
1486,5.817986502942467268e+02
1487,5.783875500711923223e+02
1488,5.749770076339706293e+02
1489,5.715672834846619708e+02
1490,5.681474955999723306e+02
1491,5.647290470073573942e+02
1492,5.613107125388472696e+02
1493,5.578934955315481830e+02
1494,5.544776564875405711e+02
1495,5.510649415789548584e+02
1496,5.476563541428972712e+02
1497,5.442536403514977792e+02
1498,5.408570607068373874e+02
1499,5.374683613810469751e+02
1500,5.340885457112316317e+02
1501,5.307185141826074641e+02
1502,5.273602415428802033e+02
1503,5.240126283477657125e+02
1504,5.206768036580547232e+02
1505,5.173538965345383076e+02
1506,5.140435503679573230e+02
1507,5.107461513840775069e+02
1508,5.074628286436898748e+02
1509,5.041939683725603913e+02
1510,5.009399567964546804e+02
1511,4.977011801411387069e+02
1512,4.944802531374534169e+02
1513,4.912760763411147309e+02
1514,4.880905216479384308e+02
1515,4.849247181187153046e+02
1516,4.817783091441863803e+02
1517,4.786524237851425028e+02
1518,4.755481911023745170e+02
1519,4.724652544866233939e+02
1520,4.694047429986798647e+02
1521,4.663670428643098944e+02
1522,4.633525403092792203e+02
1523,4.603616215593540346e+02
1524,4.573954156753249549e+02
1525,4.544543088829578323e+02
1526,4.515394302430436255e+02
1527,4.486504231463233623e+02
1528,4.457884166535877739e+02
1529,4.429545398256276485e+02
1530,4.401484360531839002e+02
1531,4.373712343970475445e+02
1532,4.346225782479593818e+02
1533,4.319043395017352509e+02
1534,4.292161615491160660e+02
1535,4.265584306158677350e+02
1536,4.239322757627809324e+02
1537,4.213365975455718626e+02
1538,4.187740106950811310e+02
1539,4.162441586020498221e+02
1540,4.137474274922436166e+02
1541,4.112842035914285361e+02
1542,4.088563587954203626e+02
1543,4.064627936599350164e+02
1544,4.041053800807883931e+02
1545,4.017830186136964699e+02
1546,3.994975811544748012e+02
1547,3.972494539288895226e+02
1548,3.950375374926565542e+02
1549,3.928637037415915643e+02
1550,3.907275960664355239e+02
1551,3.886295659322187817e+02
1552,3.865698257610287101e+02
1553,3.845492960492425141e+02
1554,3.825666687881621897e+02
1555,3.806228644741644871e+02
1556,3.787180607686016174e+02
1557,3.768524353328255074e+02
1558,3.750261658281879704e+02
1559,3.732394299160412743e+02
1560,3.714916624227121247e+02
1561,3.697830410095526190e+02
1562,3.681144861729398485e+02
1563,3.664846899041756387e+02
1564,3.648953155346620179e+02
1565,3.633450550557009251e+02
1566,3.618348289636694517e+02
1567,3.603633292498695937e+02
1568,3.589314764106781013e+02
1569,3.575394481074471855e+02
1570,3.561859363314786719e+02
1571,3.548726044141747025e+02
1572,3.535974015118122225e+02
1573,3.523612481207681526e+02
1574,3.511643219023944198e+02
1575,3.500060576830181276e+02
1576,3.488858902889660953e+02
1577,3.478047402166155280e+02
1578,3.467620422922932448e+02
1579,3.457579741773513433e+02
1580,3.447912278630916489e+02
1581,3.438627238458912529e+02
1582,3.429718969520771452e+02
1583,3.421181820079762019e+02
1584,3.413010138399155267e+02
1585,3.405198272742220524e+02
1586,3.397755428072727568e+02
1587,3.390668524303695790e+02
1588,3.383931909698396225e+02
1589,3.377547360870347006e+02
1590,3.371509226082819168e+02
1591,3.365811853599082610e+02
1592,3.360457020032656033e+02
1593,3.355431645296560532e+02
1594,3.350737506004314810e+02
1595,3.346368950419189900e+02
1596,3.342312898454204628e+02
1597,3.338578555073128769e+02
1598,3.335152840188982850e+02
1599,3.332022673714786265e+02
1600,3.329204688964558159e+02
1601,3.326671474067653094e+02
1602,3.324427430221757618e+02
1603,3.322470055191142251e+02
1604,3.320796846740077513e+02
1605,3.319405302632833923e+02
1606,3.318285492283433200e+02
1607,3.317442341806394097e+02
1608,3.316865920615738901e+02
1609,3.316553726475736426e+02
1610,3.316503257150659465e+02
1611,3.316712010404776834e+02
1612,3.317177484002359620e+02
1613,3.317889747357428973e+02
1614,3.318846298234254846e+02
1615,3.320044634397108325e+02
1616,3.321482253610259363e+02
1617,3.323149225287729678e+02
1618,3.325043047193788652e+02
1619,3.327153788742458005e+02
1620,3.329478947698006550e+02
1621,3.332016021824706513e+02
1622,3.334755080536577907e+02
1623,3.337693621597891820e+02
1624,3.340821714422668265e+02
1625,3.344136856775178330e+02
1626,3.347636546419691967e+02
1627,3.351303424419979820e+02
1628,3.355142416890563482e+02
1629,3.359143593245462398e+02
1630,3.363297022898698287e+02
1631,3.367600203614539964e+02
1632,3.372043204807010284e+02
1633,3.376616095890128690e+02
1634,3.381323802978415074e+02
1635,3.386148967135641215e+02
1636,3.391081657775827125e+02
1637,3.396126801013494401e+02
1638,3.401267037912411411e+02
1639,3.406499866236850949e+02
1640,3.411815355400832459e+02
1641,3.417203574818377092e+02
1642,3.422662022253755367e+02
1643,3.428180767120987298e+02
1644,3.433757307184343972e+02
1645,3.439374283507596601e+02
1646,3.445029193855014569e+02
1647,3.450712107640619593e+02
1648,3.456413094278430549e+02
1649,3.462129651532720800e+02
1650,3.467844420467258146e+02
1651,3.473555688239775918e+02
1652,3.479264899581850159e+02
1653,3.484952003567767633e+02
1654,3.490634091023066503e+02
1655,3.496291111022033533e+02
1656,3.501917869339456502e+02
1657,3.507524028450622495e+02
1658,3.513096965780069354e+02
1659,3.518638915452834226e+02
1660,3.524137254893453814e+02
1661,3.529594218226965836e+02
1662,3.534997182877908699e+02
1663,3.540355811321569490e+02
1664,3.545657480982484344e+02
1665,3.550896997635441039e+02
1666,3.556069167055227922e+02
1667,3.561176223366881572e+02
1668,3.566212972345189200e+02
1669,3.571166791414689214e+02
1670,3.576039914700418194e+02
1671,3.580827147977162781e+02
1672,3.585523297019711890e+02
1673,3.590123167602852732e+02
1674,3.594628993851621885e+02
1675,3.599028153190556054e+02
1676,3.603322879744694660e+02
1677,3.607507979288823776e+02
1678,3.611585685947981119e+02
1679,3.615535948796453454e+02
1680,3.619361001959279065e+02
1681,3.623070507911745040e+02
1682,3.626636987377888204e+02
1683,3.630070102832996781e+02
1684,3.633364660051857982e+02
1685,3.636515464809258447e+02
1686,3.639517322879986523e+02
1687,3.642365040038828852e+02
1688,3.645060850410823150e+02
1689,3.647599559770756628e+02
1690,3.649968545543166556e+02
1691,3.652170041853091220e+02
1692,3.654206282825566632e+02
1693,3.656057217534881261e+02
1694,3.657739936806572132e+02
1695,3.659226961364676640e+02
1696,3.660535382034731811e+02
1697,3.661652576241275483e+02
1698,3.662565921408844360e+02
1699,3.663285080012726667e+02
1700,3.663804857827709611e+02
1701,3.664120376280424694e+02
1702,3.664228019404882843e+02
1703,3.664131915237188650e+02
1704,3.663828763463197902e+02
1705,3.663322692119015187e+02
1706,3.662602972540245787e+02
1707,3.661673732762994291e+02
1708,3.660531672473116487e+02
1709,3.659188348056967470e+02
1710,3.657625602499901447e+02
1711,3.655854992188274082e+02
1712,3.653865788457690087e+02
1713,3.651662119344255188e+02
1714,3.649248112884073407e+02
1715,3.646620468763001099e+02
1716,3.643783315017142286e+02
1717,3.640725922982102816e+02
1718,3.637452420693987278e+02
1719,3.633974364539150770e+02
1720,3.630273597502948633e+02
1721,3.626369104321985333e+02
1722,3.622250156331866719e+02
1723,3.617913453218447444e+02
1724,3.613377979718332540e+02
1725,3.608625578816877919e+02
1726,3.603660378550186465e+02
1727,3.598493935304616116e+02
1728,3.593115520415769879e+02
1729,3.587529261919754049e+02
1730,3.581739287852672646e+02
1731,3.575742297900380890e+02
1732,3.569542420098985076e+02
1733,3.563136354134338717e+02
1734,3.556528228042547539e+02
1735,3.549714741509466762e+02
1736,3.542714879271701420e+02
1737,3.535517912664856226e+02
1738,3.528127969725036905e+02
1739,3.520549178488347479e+02
1740,3.512785666990894242e+02
1741,3.504841563268781783e+02
1742,3.496713567007864754e+02
1743,3.488405806244248879e+02
1744,3.479914980663788810e+02
1745,3.471260075003089582e+02
1746,3.462422932247506537e+02
1747,3.453415108783394771e+02
1748,3.444248160997108812e+02
1749,3.434903931874004002e+02
1750,3.425408834500936450e+02
1751,3.415751794801290657e+02
1752,3.405942642100329749e+02
1753,3.395983431960846701e+02
1754,3.385868791595383414e+02
1755,3.375600776566733430e+02
1756,3.365188870787940232e+02
1757,3.354627701471545720e+02
1758,3.343919324180344574e+02
1759,3.333065794477128065e+02
1760,3.322076596274940243e+02
1761,3.310946356786323577e+02
1762,3.299677131574071609e+02
1763,3.288278404551226117e+02
1764,3.276744802930331275e+02
1765,3.265093238974680503e+02
1766,3.253318339896815701e+02
1767,3.241422161259529844e+02
1768,3.229414186975866414e+02
1769,3.217296472608618387e+02
1770,3.205071073720578738e+02
1771,3.192740045874539874e+02
1772,3.180305444633296474e+02
1773,3.167776753909889749e+02
1774,3.155148600916862733e+02
1775,3.142437897917509417e+02
1776,3.129631843774122331e+02
1777,3.116747350749994894e+02
1778,3.103786474407918945e+02
1779,3.090743841960438658e+02
1780,3.077636365670846885e+02
1781,3.064458672751685526e+02
1782,3.051220247115999200e+02
1783,3.037923144326579177e+02
1784,3.024576848296470644e+02
1785,3.011175986238214932e+02
1786,2.997737470415104895e+02
1787,2.984263356389934074e+02
1788,2.970748271375245508e+02
1789,2.957209127634332617e+02
1790,2.943647980729987239e+02
1791,2.930059457874753548e+02
1792,2.916460471331923827e+02
1793,2.902853076664291621e+02
1794,2.889231901084399396e+02
1795,2.875613856855539439e+02
1796,2.861993571190256489e+02
1797,2.848387956351842831e+02
1798,2.834791639552840934e+02
1799,2.821221533056544217e+02
1800,2.807672264075495150e+02
1801,2.794160164413862617e+02
1802,2.780684387338810666e+02
1803,2.767243505658377671e+02
1804,2.753843520530854789e+02
1805,2.740490433114530333e+02
1806,2.727182816217445520e+02
1807,2.713919242647637589e+02
1808,2.700705713563397694e+02
1809,2.687540801772764780e+02
1810,2.674430508434027161e+02
1811,2.661373406355226621e+02
1812,2.648375496694650906e+02
1813,2.635435352260339528e+02
1814,2.622558974210583074e+02
1815,2.609752363703669857e+02
1816,2.597014093547640528e+02
1817,2.584350164900782829e+02
1818,2.571759150571137980e+02
1819,2.559247051716994861e+02
1820,2.546812441146392416e+02
1821,2.534461320017620380e+02
1822,2.522199689488968772e+02
1823,2.510018694018226313e+02
1824,2.497924334763683305e+02
1825,2.485930041233878285e+02
1826,2.474026957886601679e+02
1827,2.462221085880142084e+02
1828,2.450518426372788952e+02
1829,2.438924980522832584e+02
1830,2.427431892788061987e+02
1831,2.416060021027266771e+02
1832,2.404800509698236226e+02
1833,2.393659359959259518e+02
1834,2.382635144618377012e+02
1835,2.371733864833877021e+02
1836,2.360961521764049849e+02
1837,2.350309259866685636e+02
1838,2.339790508650322067e+02
1839,2.329396412572749853e+02
1840,2.319140401142507812e+02
1841,2.309021047167636027e+02
1842,2.299036923456174293e+02
1843,2.289201459516660861e+02
1844,2.279505799806885591e+02
1845,2.269955945485138784e+02
1846,2.260557897709708186e+02
1847,2.251317657638886089e+02
1848,2.242218941380209287e+02
1849,2.233282606792468243e+02
1850,2.224499798333452816e+02
1851,2.215876255151539453e+02
1852,2.207416668355459137e+02
1853,2.199110610343528833e+02
1854,2.190969938564815891e+02
1855,2.182991653767889488e+02
1856,2.175180185051566184e+02
1857,2.167525104814163228e+02
1858,2.160038270504749676e+02
1859,2.152709254521641924e+02
1860,2.145557342664159250e+02
1861,2.138557250630118176e+02
1862,2.131728264218836273e+02
1863,2.125067384178882719e+02
1864,2.118571611258823282e+02
1865,2.112237946207227708e+02
1866,2.106063389772661765e+02
1867,2.100059799404194223e+02
1868,2.094224175850393124e+02
1869,2.088546091509575149e+02
1870,2.083037403830809353e+02
1871,2.077695113562662357e+02
1872,2.072508793103451978e+02
1873,2.067490299902246704e+02
1874,2.062629206357363785e+02
1875,2.057937369917870285e+02
1876,2.053404362982085161e+02
1877,2.049034614648824970e+02
1878,2.044825125666658607e+02
1879,2.040772896784153261e+02
1880,2.036874928749876119e+02
1881,2.033143079012895669e+02
1882,2.029566919971529444e+02
1883,2.026143452374344633e+02
1884,2.022869676969909563e+02
1885,2.019750022857042211e+02
1886,2.016788919134559421e+02
1887,2.013968509850529358e+02
1888,2.011300652454019939e+02
1889,2.008774919343348984e+02
1890,2.006395739617333618e+02
1891,2.004160114024541883e+02
1892,2.002072471663791191e+02
1893,2.000122384933400213e+02
1894,1.998306854581935568e+02
1895,1.996630309708215520e+02
1896,1.995089751060807828e+02
1897,1.993682179388280247e+02
1898,1.992404595439199966e+02
1899,1.991253999962135595e+02
1900,1.990234822055904260e+02
1901,1.989329433824345017e+02
1902,1.988550832995383928e+02
1903,1.987889960301967847e+02
1904,1.987352613177543503e+02
1905,1.986929732355058036e+02
1906,1.986627115267958743e+02
1907,1.986435702649192478e+02
1908,1.986353863581956318e+02
1909,1.986394823849946931e+02
1910,1.986542095835861801e+02
1911,1.986794048622898003e+02
1912,1.987156479644502554e+02
1913,1.987620329633621736e+02
1914,1.988183967673453196e+02
1915,1.988853191197444517e+02
1916,1.989618940938541414e+02
1917,1.990479585979941533e+02
1918,1.991433495404842517e+02
1919,1.992486466646690531e+02
1920,1.993622012088183055e+02
1921,1.994845929162767106e+02
1922,1.996156586953639192e+02
1923,1.997544926193746733e+02
1924,1.999024172666786967e+02
1925,2.000570410405206587e+02
1926,2.002189436842453176e+02
1927,2.003887049411972896e+02
1928,2.005646760496463230e+02
1929,2.007474367529371193e+02
1930,2.009368239593893861e+02
1931,2.011319317422978088e+02
1932,2.013318541749571011e+02
1933,2.015379138357369584e+02
1934,2.017484619629071005e+02
1935,2.019640782998122290e+02
1936,2.021838569197470008e+02
1937,2.024076347310311803e+02
1938,2.026352486419844752e+02
1939,2.028657927259015139e+02
1940,2.030991038911020325e+02
1941,2.033350190459058240e+02
1942,2.035733750986324253e+02
1943,2.038140089576016578e+02
1944,2.040552718610832130e+02
1945,2.042977435524217071e+02
1946,2.045412609399369614e+02
1947,2.047849180969235761e+02
1948,2.050285519317013438e+02
1949,2.052712565175649218e+02
1950,2.055128687628339890e+02
1951,2.057540111781891881e+02
1952,2.059932488385797171e+02
1953,2.062306752563407031e+02
1954,2.064663839438072443e+02
1955,2.067004684133144110e+02
1956,2.069322793421723361e+02
1957,2.071619102427161749e+02
1958,2.073894546272809123e+02
1959,2.076142631731768233e+02
1960,2.078364293927388644e+02
1961,2.080560467983023045e+02
1962,2.082717232321521124e+02
1963,2.084850378766734309e+02
1964,2.086945985741514562e+02
1965,2.088997560018961508e+02
1966,2.091020893422927145e+02
1967,2.093002064376262581e+02
1968,2.094934579652068862e+02
1969,2.096834231074196566e+02
1970,2.098679668715247715e+02
1971,2.100479256048822378e+02
1972,2.102233928198272395e+02
1973,2.103929763586448303e+02
1974,2.105575125686951594e+02
1975,2.107170949623133822e+02
1976,2.108703313817844958e+02
1977,2.110173153394436554e+02
1978,2.111581403476259879e+02
1979,2.112921570836415981e+02
1980,2.114202018948505781e+02
1981,2.115408826235380673e+02
1982,2.116550356170641294e+02
1983,2.117620115527389260e+02
1984,2.118611611078725616e+02
1985,2.119533206298250718e+02
1986,2.120370979608816526e+02
1987,2.121133294484023679e+02
1988,2.121813657696973223e+02
1989,2.122405576020766205e+02
1990,2.122917412929004399e+02
1991,2.123342675194788001e+02
1992,2.123674869591218908e+02
1993,2.123907502891397314e+02
1994,2.124056366919175503e+02
1995,2.124100111747153221e+02
1996,2.124054529199182468e+02
1997,2.123905697698114068e+02
1998,2.123647124017049066e+02
1999,2.123294599979838608e+02
2000,2.122826775659083864e+02
2001,2.122259660538796879e+02
2002,2.121580421342633826e+02
2003,2.120791299154912792e+02
2004,2.119894535059951579e+02
2005,2.118892370142066568e+02
2006,2.117779617135326475e+02
2007,2.116551088773798313e+02
2008,2.115216454492050104e+02
2009,2.113770527024148862e+02
2010,2.112215547454412103e+02
2011,2.110546328516907977e+02
2012,2.108765111295953432e+02
2013,2.106866708525616332e+02
2014,2.104860789640464134e+02
2015,2.102742167374564701e+02
2016,2.100505654461985330e+02
2017,2.098168348687543698e+02
2018,2.095710206084806657e+02
2019,2.093148324438592738e+02
2020,2.090470088132719297e+02
2021,2.087685166601753792e+02
2022,2.084795800930013456e+02
2023,2.081789375501315931e+02
2024,2.078675559750229240e+02
2025,2.075456594761070619e+02
2026,2.072119864917657424e+02
2027,2.068675039654557395e+02
2028,2.065124360056088619e+02
2029,2.061462638856318108e+02
2030,2.057692117139563095e+02
2031,2.053822464340391889e+02
2032,2.049841064842620995e+02
2033,2.045750159730569635e+02
2034,2.041559418438803846e+02
2035,2.037263653701391490e+02
2036,2.032865106602650656e+02
2037,2.028358589876648637e+02
2038,2.023753772957952606e+02
2039,2.019045468580631564e+02
2040,2.014235917829001039e+02
2041,2.009319933437129464e+02
2042,2.004307184839584863e+02
2043,1.999199913120684187e+02
2044,1.993992931014495014e+02
2045,1.988695907955585653e+02
2046,1.983303656678022833e+02
2047,1.977810989915873847e+02
2048,1.972235005453957797e+02
2049,1.966570516026340556e+02
2050,1.960819762717340780e+02
2051,1.954977414920174965e+02
2052,1.949052425365159138e+02
2053,1.943038746741259786e+02
2054,1.936937760087691913e+02
2055,1.930750846443672515e+02
2056,1.924486815198665681e+02
2057,1.918132190691387393e+02
2058,1.911703210661554238e+02
2059,1.905186399447881627e+02
2060,1.898597994790085579e+02
2061,1.891924521026880939e+02
2062,1.885182215897983724e+02
2063,1.878357603742110484e+02
2064,1.871459493948726163e+02
2065,1.864496695907296271e+02
2066,1.857455733956537642e+02
2067,1.850345417485914936e+02
2068,1.843174555884894232e+02
2069,1.835929673492191228e+02
2070,1.828627008047522224e+02
2071,1.821260512239852005e+02
2072,1.813824138758146489e+02
2073,1.806334125342122263e+02
2074,1.798784424680744394e+02
2075,1.791183846163478677e+02
2076,1.783518914129040525e+02
2077,1.775805866317146524e+02
2078,1.768038655416761173e+02
2079,1.760226090817351974e+02
2080,1.752369553558132509e+02
2081,1.744470424678319773e+02
2082,1.736530085217129908e+02
2083,1.728549916213777635e+02
2084,1.720531298707479664e+02
2085,1.712490470437950592e+02
2086,1.704406527393657029e+02
2087,1.696295707314314427e+02
2088,1.688166819589388581e+02
2089,1.680006388557594619e+02
2090,1.671823223608399189e+02
2091,1.663618705781017866e+02
2092,1.655394216114665369e+02
2093,1.647158563998808916e+02
2094,1.638913130472663227e+02
2095,1.630651868225195074e+02
2096,1.622391014996118770e+02
2097,1.614124523474400803e+02
2098,1.605853774699257031e+02
2099,1.597587578060152964e+02
2100,1.589319886246054239e+02
2101,1.581059195488835485e+02
2102,1.572805321039757303e+02
2103,1.564557764992487421e+02
2104,1.556316029440696127e+02
2105,1.548087044828301373e+02
2106,1.539862884898722371e+02
2107,1.531657908446127863e+02
2108,1.523456760863687407e+02
2109,1.515281229295819116e+02
2110,1.507115959135691980e+02
2111,1.498975309177475594e+02
2112,1.490851353164588318e+02
2113,1.482751021540948670e+02
2114,1.474666388049976433e+02
2115,1.466611811485839780e+02
2116,1.458579365591958208e+02
2117,1.450575980812250236e+02
2118,1.442593730890135078e+02
2119,1.434646974619781190e+02
2120,1.426720357394358132e+02
2121,1.418835666358284016e+02
2122,1.410977546904728399e+02
2123,1.403152929477609518e+02
2124,1.395376172871097538e+02
2125,1.387624494128109802e+02
2126,1.379919680393066130e+02
2127,1.372253805409385450e+02
2128,1.364633799620985997e+02
2129,1.357059165121537774e+02
2130,1.349521975654458856e+02
2131,1.342036590013917987e+02
2132,1.334595081943334947e+02
2133,1.327204381886627687e+02
2134,1.319863991937465926e+02
2135,1.312580842539768184e+02
2136,1.305354435787203329e+02
2137,1.298176845423190287e+02
2138,1.291062430241898085e+02
2139,1.284010692336995589e+02
2140,1.277021133802151667e+02
2141,1.270093256731035183e+02
2142,1.263233991567565084e+02
2143,1.256435412055160299e+02
2144,1.249711876987989712e+02
2145,1.243055460109472250e+02
2146,1.236465663513276780e+02
2147,1.229949417643322249e+02
2148,1.223506224593277949e+02
2149,1.217143014807061974e+02
2150,1.210851862028093677e+02
2151,1.204639514463721497e+02
2152,1.198504563024762035e+02
2153,1.192452844735711466e+02
2154,1.186475339920565233e+02
2155,1.180585313954069875e+02
2156,1.174766318809971040e+02
2157,1.169031619863015550e+02
2158,1.163379625787448930e+02
2159,1.157801316907266909e+02
2160,1.152309958597216024e+02
2161,1.146896531181292573e+02
2162,1.141566871683991735e+02
2163,1.136319388779560313e+02
2164,1.131152491142243974e+02
2165,1.126064587446289380e+02
2166,1.121061514716191425e+02
2167,1.116141681626197197e+02
2168,1.111303496850552222e+02
2169,1.106545369063502875e+02
2170,1.101873135289545047e+02
2171,1.097277775852674750e+02
2172,1.092772556127637813e+02
2173,1.088348456438430674e+02
2174,1.084011313809549506e+02
2175,1.079759536915239835e+02
2176,1.075591534429748322e+02
2177,1.071505715027320349e+02
2178,1.067500487382202294e+02
2179,1.063581688518890189e+02
2180,1.059747727111630269e+02
2181,1.055989583484418119e+02
2182,1.052320523012000422e+02
2183,1.048731526018372477e+02
2184,1.045228429528031171e+02
2185,1.041802213864971947e+02
2186,1.038458716053690978e+02
2187,1.035203773118684580e+02
2188,1.032020937033698260e+02
2189,1.028923473173478698e+02
2190,1.025909790212271417e+02
2191,1.022970868474073001e+02
2192,1.020112544983379053e+02
2193,1.017333228414435808e+02
2194,1.014623899091238997e+02
2195,1.011997822388535155e+02
2196,1.009453406980570094e+02
2197,1.006981633191339967e+02
2198,1.004580909695090725e+02
2199,1.002257073516318542e+02
2200,1.000008533329269085e+02
2201,9.978337749417244140e+01
2202,9.957315926956080432e+01
2203,9.937008580663791690e+01
2204,9.917478708797473530e+01
2205,9.898640742609215692e+01
2206,9.880483396853611566e+01
2207,9.863069669787753924e+01
2208,9.846313992663733927e+01
2209,9.830279363738648613e+01
2210,9.814954497767085684e+01
2211,9.800253826001143409e+01
2212,9.786240346697908876e+01
2213,9.772902774611976895e+01
2214,9.760229824497938012e+01
2215,9.748135927607889073e+01
2216,9.736758365701420814e+01
2217,9.726011570030625819e+01
2218,9.715884255350096055e+01
2219,9.706290852911922684e+01
2220,9.697368644475702126e+01
2221,9.689032061293526965e+01
2222,9.681269818119986326e+01
2223,9.674144913212175823e+01
2224,9.667497494319687235e+01
2225,9.661464843202111297e+01
2226,9.655887107609044051e+01
2227,9.650901569300076233e+01
2228,9.646422659527303267e+01
2229,9.642364809542812054e+01
2230,9.638865301106199013e+01
2231,9.635838565469556727e+01
2232,9.633273317387477164e+01
2233,9.631083988112054328e+01
2234,9.629407859402878955e+01
2235,9.628085079009547087e+01
2236,9.627252928691645195e+01
2237,9.626751556198770743e+01
2238,9.626643959788016502e+01
2239,9.626844570711472215e+01
2240,9.627490670728734301e+01
2241,9.628348124086890891e+01
2242,9.629554212545539826e+01
2243,9.631097650859268811e+01
2244,9.632892870280174691e+01
2245,9.634928585562848014e+01
2246,9.637193511461880746e+01
2247,9.639676362731867698e+01
2248,9.642365854127396574e+01
2249,9.645250700403066446e+01
2250,9.648319616313467861e+01
2251,9.651563497475889619e+01
2252,9.654907679455915570e+01
2253,9.658353962184327202e+01
2254,9.661978429094401122e+01
2255,9.665634313111921472e+01
2256,9.669471981172667086e+01
2257,9.673418949704918646e+01
2258,9.677477018639459061e+01
2259,9.681573704404564751e+01
2260,9.685785090433518008e+01
2261,9.690112976657096056e+01
2262,9.694484879503585262e+01
2263,9.698828315401262046e+01
2264,9.703293651285906662e+01
2265,9.707808403585802637e+01
2266,9.712374372231727193e+01
2267,9.716919073651961014e+01
2268,9.721444307777285587e+01
2269,9.726026158040981784e+01
2270,9.730592140871328866e+01
2271,9.735144056199108320e+01
2272,9.739683703955098792e+01
2273,9.744212884070083192e+01
2274,9.748659112972337937e+01
2275,9.753024190592650200e+01
2276,9.757384200364292326e+01
2277,9.761592375213049877e+01
2278,9.765724798572200882e+01
2279,9.769783270372528250e+01
2280,9.773769590544812047e+01
2281,9.777611275517330114e+01
2282,9.781310125220862517e+01
2283,9.784793656083695623e+01
2284,9.788212235041601161e+01
2285,9.791419095020367536e+01
2286,9.794490319453271354e+01
2287,9.797353424768591879e+01
2288,9.800010210897112017e+01
2289,9.802462477769611837e+01
2290,9.804712025316868562e+01
2291,9.806686369967165717e+01
2292,9.808461595153785595e+01
2293,9.809965217305003193e+01
2294,9.811199036351602842e+01
2295,9.812164852224364608e+01
2296,9.812790181351566332e+01
2297,9.813151107166493148e+01
2298,9.813175146097421475e+01
2299,9.812938381577632185e+01
2300,9.812294046532906577e+01
2301,9.811319676331120831e+01
2302,9.810024330576040086e+01
2303,9.808269953801021757e+01
2304,9.806289908051925863e+01
2305,9.803871854359613280e+01
2306,9.801100587764943839e+01
2307,9.797986619806275144e+01
2308,9.794466178519469679e+01
2309,9.790549775442885050e+01
2310,9.786322205617382508e+01
2311,9.781719697078820275e+01
2312,9.776678477863059413e+01
2313,9.771283343010958333e+01
2314,9.765544804060877482e+01
2315,9.759399089048677922e+01
2316,9.752856709512715838e+01
2317,9.745928176991354519e+01
2318,9.738624003022950149e+01
2319,9.730880415643366632e+01
2320,9.722782209893460958e+01
2321,9.714265613809094191e+01
2322,9.705341138928625355e+01
2323,9.696093580292914282e+01
2324,9.686384882435318389e+01
2325,9.676299840396701768e+01
2326,9.665774682212921221e+01
2327,9.654894202924837998e+01
2328,9.643594630568310322e+01
2329,9.631960760184196602e+01
2330,9.619854536305859938e+01
2331,9.607360753974160161e+01
2332,9.594489924727454877e+01
2333,9.581252560104101690e+01
2334,9.567584888139965926e+01
2335,9.553497420373405191e+01
2336,9.539000668342775668e+01
2337,9.524179427088941452e+01
2338,9.508895641145261379e+01
2339,9.493234105552592439e+01
2340,9.477205331849297920e+01
2341,9.460745548071234623e+01
2342,9.443939549259265220e+01
2343,9.426723563449246512e+01
2344,9.409108102179538946e+01
2345,9.391103676988502968e+01
2346,9.372795082916999831e+01
2347,9.354044264498386951e+01
2348,9.334936016773524159e+01
2349,9.315406567778271096e+01
2350,9.295540712553489016e+01
2351,9.275348610560011764e+01
2352,9.254764729446084459e+01
2353,9.233797468284920740e+01
2354,9.212455226149745613e+01
2355,9.190820685616269259e+01
2356,9.168753678752716496e+01
2357,9.146411171637302573e+01
2358,9.123652996338246624e+01
2359,9.100636118933763896e+01
2360,9.077220371492080631e+01
2361,9.053488436588907007e+01
2362,9.029374429794964385e+01
2363,9.004961033685970051e+01
2364,8.980182363832645365e+01
2365,8.955121102810706191e+01
2366,8.929785649693367588e+01
2367,8.904035836548857219e+01
2368,8.878028629455383225e+01
2369,8.851772427486169192e+01
2370,8.825127062709432835e+01
2371,8.798249501203392242e+01
2372,8.771073858538764512e+01
2373,8.743682817291269771e+01
2374,8.715936209529124312e+01
2375,8.687991001330547647e+01
2376,8.659781308266258293e+01
2377,8.631241245906974768e+01
2378,8.602527780330915164e+01
2379,8.573575027108796576e+01
2380,8.544465668816337711e+01
2381,8.515059537521757704e+01
2382,8.485439315800775262e+01
2383,8.455613402726606864e+01
2384,8.425590197372471835e+01
2385,8.395452382314088879e+01
2386,8.365059789619674291e+01
2387,8.334495101864951039e+01
2388,8.303841001625630724e+01
2389,8.273031604472437550e+01
2390,8.242001025976085771e+01
2391,8.210906232214796319e+01
2392,8.179755622261785675e+01
2393,8.148409028185274394e+01
2394,8.117023416063479146e+01
2395,8.085532901467115607e+01
2396,8.054020166971908168e+01
2397,8.022419328148571083e+01
2398,7.990738784070322254e+01
2399,7.959061217312881809e+01
2400,7.927320743446966844e+01
2401,7.895524298540682651e+01
2402,7.863821533646677153e+01
2403,7.831989219299983063e+01
2404,7.800249827050630813e+01
2405,7.768454410936159604e+01
2406,7.736676875501601103e+01
2407,7.704916841789486170e+01
2408,7.673099647339851970e+01
2409,7.641373480200232393e+01
2410,7.609589394408158114e+01
2411,7.577895578011164446e+01
2412,7.546143085046783483e+01
2413,7.514480103562550539e+01
2414,7.482831971098498514e+01
2415,7.451198308697161110e+01
2416,7.419653020903571417e+01
2417,7.388121445257763753e+01
2418,7.356677486304772629e+01
2419,7.325246481584630942e+01
2420,7.293976619144871165e+01
2421,7.262718953023026813e+01
2422,7.231547387764132395e+01
2423,7.200535827913222420e+01
2424,7.169535327507828981e+01
2425,7.138694074595485972e+01
2426,7.107937406716226292e+01
2427,7.077264944912586486e+01
2428,7.046750593729596801e+01
2429,7.016393974209792361e+01
2430,6.986120423893206066e+01
2431,6.956003847324872424e+01
2432,6.926043865547325140e+01
2433,6.896240099603096496e+01
2434,6.866666454037221001e+01
2435,6.837173982887232171e+01
2436,6.807910874200663898e+01
2437,6.778802465517549081e+01
2438,6.749922661382920808e+01
2439,6.721196799336814820e+01
2440,6.692698783924264205e+01
2441,6.664428236187801247e+01
2442,6.636384777169958227e+01
2443,6.608493744410772308e+01
2444,6.580903325957774541e+01
2445,6.553613142853500051e+01
2446,6.526474249135480932e+01
2447,6.499709116353751881e+01
2448,6.473168798545847835e+01
2449,6.446852916754298235e+01
2450,6.420909659026641236e+01
2451,6.395188991773549958e+01
2452,6.369833664908264126e+01
2453,6.344688206707166245e+01
2454,6.319894279456638486e+01
2455,6.295370694935564870e+01
2456,6.271184831927825343e+01
2457,6.247329785714802597e+01
2458,6.223724368075377811e+01
2459,6.200361674290935099e+01
2460,6.177383366647855212e+01
2461,6.154708256925020748e+01
2462,6.132255156901313597e+01
2463,6.110240012365614604e+01
2464,6.088433068091807598e+01
2465,6.066975986366274753e+01
2466,6.045787578967897247e+01
2467,6.024935224680557155e+01
2468,6.004412018785635752e+01
2469,5.984211056564519282e+01
2470,5.964251149796086082e+01
2471,5.944673960766716903e+01
2472,5.925398301255297184e+01
2473,5.906417266543207489e+01
2474,5.887723951911831222e+01
2475,5.869385736145047616e+01
2476,5.851321431021742825e+01
2477,5.833598415325795372e+01
2478,5.816209784338587951e+01
2479,5.799148633341505388e+01
2480,5.782333774113426728e+01
2481,5.765906868940734853e+01
2482,5.749786729602312363e+01
2483,5.733966451379542661e+01
2484,5.718439129553803468e+01
2485,5.703272142908981834e+01
2486,5.688458586726456900e+01
2487,5.673917272785111976e+01
2488,5.659715579868829138e+01
2489,5.645772319756488855e+01
2490,5.632154871231976045e+01
2491,5.618930613079169945e+01
2492,5.605944073574454478e+01
2493,5.593262631501711013e+01
2494,5.580916523893573356e+01
2495,5.568869132630420893e+01
2496,5.557135838044386844e+01
2497,5.545702307066604675e+01
2498,5.534576491678951982e+01
2499,5.523744058812567204e+01
2500,5.513212960449328648e+01
2501,5.502976426306848623e+01
2502,5.493035652197908547e+01
2503,5.483384540021271647e+01
2504,5.474024420025944693e+01
2505,5.464956622460942981e+01
2506,5.456167620874776958e+01
2507,5.447673602216956823e+01
2508,5.439461040035995154e+01
2509,5.431523836230650915e+01
2510,5.423870749400188629e+01
2511,5.416495681443365129e+01
2512,5.409399962609197132e+01
2513,5.402562638095941594e+01
2514,5.395999894853111556e+01
2515,5.389705634779466692e+01
2516,5.383666331423521001e+01
2517,5.377883315034284806e+01
2518,5.372350487510516359e+01
2519,5.367069179101230958e+01
2520,5.362033291705186855e+01
2521,5.357236727221147277e+01
2522,5.352680815898123257e+01
2523,5.348352031284625241e+01
2524,5.344251703629664263e+01
2525,5.340381163182252777e+01
2526,5.336726883490900519e+01
2527,5.333282766454370005e+01
2528,5.330057570671921496e+01
2529,5.327030341341816921e+01
2530,5.324202408713067314e+01
2531,5.321567674684434479e+01
2532,5.319120041154678091e+01
2533,5.316853410022559956e+01
2534,5.314769111537093949e+01
2535,5.312846190896537735e+01
2536,5.311085978349905190e+01
2537,5.309489804146204506e+01
2538,5.308036713483699032e+01
2539,5.306728036611400512e+01
2540,5.305557675428067910e+01
2541,5.304519531832465162e+01
2542,5.303600079373102005e+01
2543,5.302808076649240121e+01
2544,5.302122568859140728e+01
2545,5.301537457901564920e+01
2546,5.301054074025523022e+01
2547,5.300658890779528321e+01
2548,5.300338381712089841e+01
2549,5.300093877072220039e+01
2550,5.299911850408430070e+01
2551,5.299787187076500317e+01
2552,5.299718706260284051e+01
2553,5.299698782250401763e+01
2554,5.299727217687725300e+01
2555,5.299803815213129354e+01
2556,5.299913520766984476e+01
2557,5.300078422040911619e+01
2558,5.300268608274785009e+01
2559,5.300498738809973531e+01
2560,5.300768616287351875e+01
2561,5.301055758297041365e+01
2562,5.301374824180413725e+01
2563,5.301710759877840928e+01
2564,5.302063368030195534e+01
2565,5.302425022928097320e+01
2566,5.302795527212421689e+01
2567,5.303174683524037647e+01
2568,5.303554866153568526e+01
2569,5.303935877741887595e+01
2570,5.304302664229364694e+01
2571,5.304669884957372261e+01
2572,5.305015057516032329e+01
2573,5.305345412896466684e+01
2574,5.305660753739548596e+01
2575,5.305938597635399390e+01
2576,5.306193603925390789e+01
2577,5.306403290199644829e+01
2578,5.306574887449283295e+01
2579,5.306700769964928810e+01
2580,5.306773312037203283e+01
2581,5.306784887956727914e+01
2582,5.306735300364374552e+01
2583,5.306624351901016468e+01
2584,5.306436988507025632e+01
2585,5.306173012823272472e+01
2586,5.305824799140379611e+01
2587,5.305384721748971089e+01
2588,5.304860011640165851e+01
2589,5.304235614754336581e+01
2590,5.303496477031857381e+01
2591,5.302657257814097136e+01
2592,5.301695474691180010e+01
2593,5.300610930303977142e+01
2594,5.299403427293361091e+01
2595,5.298057911599703118e+01
2596,5.296574185863876494e+01
2597,5.294944624376501707e+01
2598,5.293161601428201379e+01
2599,5.291224919659847359e+01
2600,5.289126953362062267e+01
2601,5.286868321923270031e+01
2602,5.284430626671353792e+01
2603,5.281833427432999173e+01
2604,5.279059142283644235e+01
2605,5.276119902699723241e+01
2606,5.272998126756672121e+01
2607,5.269705945930928692e+01
2608,5.266240634998426628e+01
2609,5.262599468735102448e+01
2610,5.258779721916894090e+01
2611,5.254786097669985168e+01
2612,5.250608442420062971e+01
2613,5.246251459293312536e+01
2614,5.241712423065671089e+01
2615,5.236996036863324377e+01
2616,5.232099575462208207e+01
2617,5.227012885288007027e+01
2618,5.221748097817160073e+01
2619,5.216295059475349660e+01
2620,5.210665901739014316e+01
2621,5.204843042683590681e+01
2622,5.198838613785512308e+01
2623,5.192642461470465776e+01
2624,5.186266717214888899e+01
2625,5.179693799094216189e+01
2626,5.172935838584884038e+01
2627,5.165990110462827545e+01
2628,5.158846461153733998e+01
2629,5.151517022134038370e+01
2630,5.143984211479176594e+01
2631,5.136267589015836421e+01
2632,5.128357001169703011e+01
2633,5.120257151066960688e+01
2634,5.111957885133297452e+01
2635,5.103478763195398216e+01
2636,5.094802203328700330e+01
2637,5.085940337009638057e+01
2638,5.076883010663897267e+01
2639,5.067642355767917905e+01
2640,5.058200790397130220e+01
2641,5.048577874378223385e+01
2642,5.038756025786633330e+01
2643,5.028747376098796451e+01
2644,5.018541771740396484e+01
2645,5.008143915837622728e+01
2646,4.997558511516658086e+01
2647,4.986790261903689725e+01
2648,4.975821585074154285e+01
2649,4.964672040854736679e+01
2650,4.953331475671124196e+01
2651,4.941812011095439772e+01
2652,4.930096015681561283e+01
2653,4.918195561480051481e+01
2654,4.906107863840976080e+01
2655,4.893837566464650735e+01
2656,4.881381884701139029e+01
2657,4.868738033900503837e+01
2658,4.855910657763062943e+01
2659,4.842904399989130582e+01
2660,4.829716475928768915e+01
2661,4.816358957632545668e+01
2662,4.802821632100273774e+01
2663,4.789116571382516696e+01
2664,4.775248419179592929e+01
2665,4.761206962491312566e+01
2666,4.746996845017994104e+01
2667,4.732630138810198872e+01
2668,4.718104059217995427e+01
2669,4.703415821591444512e+01
2670,4.688570069630863202e+01
2671,4.673571447036565729e+01
2672,4.658424597508864906e+01
2673,4.643126736397828580e+01
2674,4.627682507403768142e+01
2675,4.612096554227002088e+01
2676,4.596373520567841808e+01
2677,4.580510621776353020e+01
2678,4.564519929903099893e+01
2679,4.548406088648398793e+01
2680,4.532158885012061944e+01
2681,4.515797819394905588e+01
2682,4.499312678796744791e+01
2683,4.482708106917892366e+01
2684,4.465996175808914614e+01
2685,4.449174100819875122e+01
2686,4.432246525651090252e+01
2687,4.415225522353122045e+01
2688,4.398100877925786989e+01
2689,4.380892092769898483e+01
2690,4.363596382235523663e+01
2691,4.346225818373225280e+01
2692,4.328777616533067629e+01
2693,4.311256420415365653e+01
2694,4.293674302070685656e+01
2695,4.276028476849089799e+01
2696,4.258323588450894448e+01
2697,4.240571708926663064e+01
2698,4.222770053626462072e+01
2699,4.204930694600854224e+01
2700,4.187043418849655296e+01
2701,4.169134502669091802e+01
2702,4.151183042434546167e+01
2703,4.133212052168057227e+01
2704,4.115207404140418390e+01
2705,4.097177255673173590e+01
2706,4.079114907387364752e+01
2707,4.061035944954782906e+01
2708,4.042933668996472818e+01
2709,4.024816236833975580e+01
2710,4.006676949088333117e+01
2711,3.988523963081088652e+01
2712,3.970365436133784698e+01
2713,3.952187240517215372e+01
2714,3.934012390253419511e+01
2715,3.915826757613191944e+01
2716,3.897638499918075894e+01
2717,3.879448346139361803e+01
2718,3.861257025248342956e+01
2719,3.843072694566561864e+01
2720,3.824888654715061875e+01
2721,3.806713063015383369e+01
2722,3.788554076789070990e+01
2723,3.770412425007416601e+01
2724,3.752296264991962005e+01
2725,3.734198897363749126e+01
2726,3.716135907794572546e+01
2727,3.698108025255722708e+01
2728,3.680115978718493608e+01
2729,3.662167925504427757e+01
2730,3.644264594584815597e+01
2731,3.626406714930951125e+01
2732,3.608602443864376852e+01
2733,3.590852510356385352e+01
2734,3.573157643378268489e+01
2735,3.555526000251568775e+01
2736,3.537958309947579494e+01
2737,3.520462729787842449e+01
2738,3.503039988743650213e+01
2739,3.485698244136545298e+01
2740,3.468438224937819570e+01
2741,3.451268088469016249e+01
2742,3.434181135351178682e+01
2743,3.417192951256097189e+01
2744,3.400304265155065764e+01
2745,3.383515806019376271e+01
2746,3.366835731170570511e+01
2747,3.350264769579943902e+01
2748,3.333803650218785464e+01
2749,3.317460530408639130e+01
2750,3.301243567471047413e+01
2751,3.285145446889766419e+01
2752,3.269186107000408015e+01
2753,3.253355157600299208e+01
2754,3.237649636837011968e+01
2755,3.222081439558625249e+01
2756,3.206647603912713151e+01
2757,3.191352596397101848e+01
2758,3.176186026809116214e+01
2759,3.161152361646581710e+01
2760,3.146256067407324508e+01
2761,3.131494182238921198e+01
2762,3.116863744288944460e+01
2763,3.102376648405473247e+01
2764,3.088022504385830302e+01
2765,3.073805778727843574e+01
2766,3.059730937929336747e+01
2767,3.045795020137886411e+01
2768,3.032002491851317671e+01
2769,3.018350391217206408e+01
2770,3.004843184733378081e+01
2771,2.991477910547408570e+01
2772,2.978259035157122980e+01
2773,2.965183596710096836e+01
2774,2.952256061704155954e+01
2775,2.939473468286876567e+01
2776,2.926832854605833134e+01
2777,2.914338687158851826e+01
2778,2.902002860794008399e+01
2779,2.889807556958377788e+01
2780,2.877764670500036104e+01
2781,2.865878667916808453e+01
2782,2.854146587356270715e+01
2783,2.842565466965998766e+01
2784,2.831147201594068363e+01
2785,2.819881401037803670e+01
2786,2.808765103444781630e+01
2787,2.797817632013326872e+01
2788,2.787021168190515752e+01
2789,2.776380178474174087e+01
2790,2.765899129362125919e+01
2791,2.755582487352198839e+01
2792,2.745419862241716302e+01
2793,2.735415720528506611e+01
2794,2.725574528710392741e+01
2795,2.715893324934951281e+01
2796,2.706376575700008402e+01
2797,2.697013890802888980e+01
2798,2.687809736741418121e+01
2799,2.678776008363672290e+01
2800,2.669894887116727134e+01
2801,2.661178192541852994e+01
2802,2.652630014602851105e+01
2803,2.644232082905970316e+01
2804,2.635995840458456740e+01
2805,2.627925301917308332e+01
2806,2.620002196888770740e+01
2807,2.612245396730343217e+01
2808,2.604644059398521705e+01
2809,2.597194771200053864e+01
2810,2.589901546791936937e+01
2811,2.582753544130667223e+01
2812,2.575769634573742906e+01
2813,2.568931547727410702e+01
2814,2.562243298248667855e+01
2815,2.555708900794512672e+01
2816,2.549317513321441098e+01
2817,2.543080578836700312e+01
2818,2.536987255296787325e+01
2819,2.531048985708951093e+01
2820,2.525247499679437269e+01
2821,2.519586811865242737e+01
2822,2.514070936923365451e+01
2823,2.508689032810303488e+01
2824,2.503452542533301894e+01
2825,2.498343195698609520e+01
2826,2.493372435313473190e+01
2827,2.488536847684639852e+01
2828,2.483825590768606517e+01
2829,2.479242679222371848e+01
2830,2.474784699352680661e+01
2831,2.470455665816532687e+01
2832,2.466252164920673096e+01
2833,2.462163354621599254e+01
2834,2.458193249576310180e+01
2835,2.454338436091551756e+01
2836,2.450602928824320514e+01
2837,2.446975885731115241e+01
2838,2.443453893118681464e+01
2839,2.440040965644018200e+01
2840,2.436726261263621396e+01
2841,2.433513794634488292e+01
2842,2.430400152063366548e+01
2843,2.427389348207253406e+01
2844,2.424463112672395582e+01
2845,2.421632888466040612e+01
2846,2.418880405194435923e+01
2847,2.416224534215078279e+01
2848,2.413647005134214751e+01
2849,2.411144404258592644e+01
2850,2.408713317894959971e+01
2851,2.406358165878426192e+01
2852,2.404077560406303604e+01
2853,2.401863090503767495e+01
2854,2.399713773546243800e+01
2855,2.397636055259406973e+01
2856,2.395621524668431945e+01
2857,2.393676627498994947e+01
2858,2.391792952776271619e+01
2859,2.389969517875685767e+01
2860,2.388212768522913620e+01
2861,2.386514293743130821e+01
2862,2.384873110911761529e+01
2863,2.383288237404231680e+01
2864,2.381758690595966854e+01
2865,2.380283487862392278e+01
2866,2.378854218228682527e+01
2867,2.377484755770762703e+01
2868,2.376159261163559222e+01
2869,2.374876751782497308e+01
2870,2.373643673353251060e+01
2871,2.372444186550747247e+01
2872,2.371292165450909550e+01
2873,2.370179199078914678e+01
2874,2.369104304810186790e+01
2875,2.368059071669902238e+01
2876,2.367049945383735476e+01
2877,2.366068514976862502e+01
2878,2.365113797824707476e+01
2879,2.364184811302696687e+01
2880,2.363280572786255007e+01
2881,2.362400099650808016e+01
2882,2.361527552571280353e+01
2883,2.360676805623598185e+01
2884,2.359839447832936443e+01
2885,2.359007068224470061e+01
2886,2.358186112523874201e+01
2887,2.357368169756325216e+01
2888,2.356552257297247266e+01
2889,2.355729964171816704e+01
2890,2.354915164455957566e+01
2891,2.354084590474345973e+01
2892,2.353252116302906671e+01
2893,2.352401902616565721e+01
2894,2.351540395140997575e+01
2895,2.350666611251627813e+01
2896,2.349764711623381785e+01
2897,2.348841141981935010e+01
2898,2.347894919702712357e+01
2899,2.346910205460639531e+01
2900,2.345900873331640923e+01
2901,2.344851526014343079e+01
2902,2.343763391002674012e+01
2903,2.342638137814261157e+01
2904,2.341477435966733012e+01
2905,2.340282954977717012e+01
2906,2.339041507664342134e+01
2907,2.337762191894486463e+01
2908,2.336446677185777787e+01
2909,2.335089204705593957e+01
2910,2.333691443971563828e+01
2911,2.332255064501315189e+01
2912,2.330774307462226247e+01
2913,2.329250842371924790e+01
2914,2.327686338748039319e+01
2915,2.326075037757948039e+01
2916,2.324411180569028801e+01
2917,2.322711293399409627e+01
2918,2.320962189066219494e+01
2919,2.319165537087085838e+01
2920,2.317323006979636801e+01
2921,2.315428839911250236e+01
2922,2.313484705399554997e+01
2923,2.311492272962178873e+01
2924,2.309445783766500071e+01
2925,2.307346907330146735e+01
2926,2.305204741520996947e+01
2927,2.302998670805928683e+01
2928,2.300745221403070317e+01
2929,2.298431206129549764e+01
2930,2.296065722853245461e+01
2931,2.293643012741535614e+01
2932,2.291157316961797719e+01
2933,2.288617733381910568e+01
2934,2.286025931519501952e+01
2935,2.283368724191700494e+01
2936,2.280647780916133271e+01
2937,2.277872199560679434e+01
2938,2.275036221292716831e+01
2939,2.272134087279623671e+01
2940,2.269174895389277324e+01
2941,2.266145458438807481e+01
2942,2.263054874296091157e+01
2943,2.259904812478756142e+01
2944,2.256682085803931415e+01
2945,2.253395792139494702e+01
2946,2.250047601003074504e+01
2947,2.246624325211798734e+01
2948,2.243142490983795412e+01
2949,2.239588911136192451e+01
2950,2.235965255186619061e+01
2951,2.232273295287505732e+01
2952,2.228507785780250927e+01
2953,2.224678440341554264e+01
2954,2.220787544297867555e+01
2955,2.216815097924891020e+01
2956,2.212785671599826287e+01
2957,2.208679265598373931e+01
2958,2.204505593597234636e+01
2959,2.200266940922859504e+01
2960,2.195958164551449343e+01
2961,2.191581549809455254e+01
2962,2.187146810373577921e+01
2963,2.182633946519518631e+01
2964,2.178067528624477589e+01
2965,2.173427556964156082e+01
2966,2.168731173565505088e+01
2967,2.163965807054475121e+01
2968,2.159133742757517638e+01
2969,2.154244694351333678e+01
2970,2.149293518812122628e+01
2971,2.144282501466337720e+01
2972,2.139206499290177987e+01
2973,2.134067797610094885e+01
2974,2.128876110102789454e+01
2975,2.123626293744462856e+01
2976,2.118320633861565128e+01
2977,2.112953987430297431e+01
2978,2.107528639777111579e+01
2979,2.102054304578707900e+01
2980,2.096525838811286846e+01
2981,2.090945527801299519e+01
2982,2.085315656875197377e+01
2983,2.079631083009180870e+01
2984,2.073901519879950683e+01
2985,2.068121824463707981e+01
2986,2.062301710437153801e+01
2987,2.056428606426238659e+01
2988,2.050519654457914243e+01
2989,2.044562283158130001e+01
2990,2.038558777853338100e+01
2991,2.032518852220239580e+01
2992,2.026444791585284122e+01
2993,2.020331452924673243e+01
2994,2.014173693214608107e+01
2995,2.007988654482039692e+01
2996,2.001771193703168450e+01
2997,1.995523596204445482e+01
2998,1.989240718962071597e+01
2999,1.982939704002997772e+01
3000,1.976607979953174876e+01
